entitlement_id,subscription_id,entitlement_type,value,unit,valid_from_ts,valid_to_ts,created_ts,updated_ts
e4316c19-40ad-4bd9-8792-c28c218a46c8,76935b8d-fb4a-4482-990c-3ac2ea7062b3,DATA_CAP,50,GB,2024-03-13T16:52:47,,2024-03-13T16:52:47,2026-04-01T11:05:50.400979
282c0d49-7e56-4c1d-8b4c-bc5a49dbb73f,76935b8d-fb4a-4482-990c-3ac2ea7062b3,CONTENT,1,DAYS,2023-07-24T10:10:36,,2023-07-24T10:10:36,2026-04-01T11:05:50.401000
789ea52f-9dbb-441c-92a6-36dd8384b0ec,7c4a0502-012a-42d9-bdf8-3f20e78c651f,CONTENT,1,DAYS,2024-10-23T04:40:24,,2024-10-23T04:40:24,2026-04-01T11:05:50.401053
0be8e641-88f2-4ff7-af33-e1bd05e6ef8e,622a87b1-1476-4f3a-b304-16d1a3254b75,ROAMING_PACK,10,GB,2021-04-29T20:36:50,,2021-04-29T20:36:50,2026-04-01T11:05:50.401092
11bc35f6-c96f-4632-9355-07105452e57c,c7903291-fa41-4488-830a-c461ae5f331c,DATA_CAP,10,GB,2026-08-27T04:01:39,,2026-08-27T04:01:39,2026-04-01T11:05:50.401129
2f2b5348-9393-421a-90bf-3d5161aac1b5,c7903291-fa41-4488-830a-c461ae5f331c,ROAMING_PACK,10,GB,2020-11-18T18:24:01,,2020-11-18T18:24:01,2026-04-01T11:05:50.401144
b4928f45-1dab-48c2-97e9-9770125bc892,3ea5a0ca-7f45-4e36-93aa-0c3c5eff5d29,ROAMING_PACK,10,GB,2022-10-01T23:49:51,,2022-10-01T23:49:51,2026-04-01T11:05:50.401182
b805a723-8924-477b-84f9-da6d8443e6a3,d7b334e9-4c0a-466a-a5cf-f8f71c60ad8d,CONTENT,1,DAYS,2021-02-27T03:29:59,,2021-02-27T03:29:59,2026-04-01T11:05:50.401213
3c5d2469-bb46-4ef3-b373-1f65802c7960,578d5ce1-3258-4575-bca8-d9ded53f3bfa,DATA_CAP,100,GB,2024-05-19T03:31:50,,2024-05-19T03:31:50,2026-04-01T11:05:50.401245
82721b6e-2707-4e34-bf70-ceed3fcce35b,f550c668-58e1-481c-8b34-a34637e7734a,ROAMING_PACK,5,GB,2021-10-21T05:19:00,,2021-10-21T05:19:00,2026-04-01T11:05:50.401281
a35d33a3-218e-43e5-96c6-f25242cdd78c,f550c668-58e1-481c-8b34-a34637e7734a,DATA_CAP,50,GB,2026-05-12T20:38:54,,2026-05-12T20:38:54,2026-04-01T11:05:50.401294
bd5237cd-73e3-43fe-99b2-2e2cf342dd8e,36bcb69e-506c-459b-8d63-512f4e9d5dac,SPEED_TIER,100,MBPS,2021-05-13T06:38:01,,2021-05-13T06:38:01,2026-04-01T11:05:50.401330
628ef042-deb9-4fd4-aebd-bfd502e530df,36bcb69e-506c-459b-8d63-512f4e9d5dac,ROAMING_PACK,10,GB,2020-04-04T16:32:48,,2020-04-04T16:32:48,2026-04-01T11:05:50.401344
b99f7356-e07e-47f1-9f6c-95b17fbd4f76,c0984cdb-4c77-43c8-a95b-4d54ff6136e8,DATA_CAP,50,GB,2023-01-01T08:30:12,,2023-01-01T08:30:12,2026-04-01T11:05:50.401382
c07cc37a-e4cd-4668-9355-1aea27f6cea6,c0984cdb-4c77-43c8-a95b-4d54ff6136e8,DATA_CAP,25,GB,2023-11-28T22:35:41,,2023-11-28T22:35:41,2026-04-01T11:05:50.401397
5ac94169-60cf-48c9-965a-2a8d2b8787fb,09eb1a0d-25ac-4920-ad2a-83907ceabfae,DATA_CAP,100,GB,2023-02-25T12:06:37,,2023-02-25T12:06:37,2026-04-01T11:05:50.401431
b063a028-2acb-49d4-b643-de80012992b6,09eb1a0d-25ac-4920-ad2a-83907ceabfae,CONTENT,1,DAYS,2023-06-30T05:50:13,,2023-06-30T05:50:13,2026-04-01T11:05:50.401445
cf4cc8cf-16b1-4a9b-bac7-b632ff477fe2,f846ea88-580b-4129-bd46-79455d4a379b,CONTENT,1,DAYS,2021-03-16T19:24:27,,2021-03-16T19:24:27,2026-04-01T11:05:50.401477
996e8827-889b-4233-a647-932fe7529a68,92571678-a3d2-4b39-878f-b984973eda84,ROAMING_PACK,10,GB,2023-12-13T12:01:07,,2023-12-13T12:01:07,2026-04-01T11:05:50.401516
1fa8e045-cfd6-41bc-87ca-4f1592342186,92571678-a3d2-4b39-878f-b984973eda84,DATA_CAP,50,GB,2023-08-14T13:50:11,,2023-08-14T13:50:11,2026-04-01T11:05:50.401529
51814c76-17d9-47c0-b402-f8cbcbd54bf3,823b14ad-180c-4d16-b4f9-ca76e992e9ea,DATA_CAP,10,GB,2023-09-09T06:29:36,,2023-09-09T06:29:36,2026-04-01T11:05:50.401560
02ae6d18-0fc8-4f1a-85ed-e9819bf6a50d,823b14ad-180c-4d16-b4f9-ca76e992e9ea,SPEED_TIER,500,MBPS,2022-08-10T17:04:24,,2022-08-10T17:04:24,2026-04-01T11:05:50.401576
277b17ab-4f07-41d0-9882-85981c94d98c,a6159da3-1c77-4b4e-ad82-940268bb0736,DATA_CAP,25,GB,2026-06-08T20:26:43,,2026-06-08T20:26:43,2026-04-01T11:05:50.401609
d29518b8-5cb2-4f3e-80aa-9580bf98fb06,a6159da3-1c77-4b4e-ad82-940268bb0736,SPEED_TIER,1000,MBPS,2023-07-25T10:12:12,,2023-07-25T10:12:12,2026-04-01T11:05:50.401622
b6abc997-edab-4e63-8d71-c4bd94d122ad,c93f3b75-acfb-48ef-92bc-df6ea97ffabc,CONTENT,1,DAYS,2024-04-17T07:36:01,,2024-04-17T07:36:01,2026-04-01T11:05:50.401656
3ad28488-b682-458b-b5e4-ae2a599e37be,c93f3b75-acfb-48ef-92bc-df6ea97ffabc,SPEED_TIER,100,MBPS,2020-03-14T20:50:54,,2020-03-14T20:50:54,2026-04-01T11:05:50.401669
c4a8dd0a-a4fb-4ebd-9110-926556354a73,3ab50374-de93-4058-b5e6-2ffc1922d6e5,DATA_CAP,25,GB,2024-08-27T23:19:17,,2024-08-27T23:19:17,2026-04-01T11:05:50.401708
2e0d5fac-efef-41a5-89cd-3fdea12a30d0,58c775f2-18aa-43e8-936d-5beb25948b57,ROAMING_PACK,5,GB,2025-07-13T20:58:07,,2025-07-13T20:58:07,2026-04-01T11:05:50.401740
29b1f6ff-a4e7-4c32-81ee-ec936f0203cc,58c775f2-18aa-43e8-936d-5beb25948b57,SPEED_TIER,500,MBPS,2026-12-06T03:01:14,,2026-12-06T03:01:14,2026-04-01T11:05:50.401754
61bcf284-a38b-4bd6-af37-9c4168a798e8,7dc3838d-8a71-430b-a710-e22216c21415,SPEED_TIER,500,MBPS,2026-01-10T00:59:44,,2026-01-10T00:59:44,2026-04-01T11:05:50.401787
c9d9d99f-c65b-40cf-a9d0-4b5ce09be5de,7dc3838d-8a71-430b-a710-e22216c21415,DATA_CAP,10,GB,2022-11-29T01:07:03,,2022-11-29T01:07:03,2026-04-01T11:05:50.401803
ff787f51-439d-4120-978d-5d6d49a2ce60,fcbb976c-4fff-4b77-915a-08bff435c61d,DATA_CAP,50,GB,2026-07-17T14:07:08,,2026-07-17T14:07:08,2026-04-01T11:05:50.401837
efb3c14a-b0fe-4b18-9f84-721e680d5b8f,361c76f0-daa0-4a85-b330-a44092fbbf5b,ROAMING_PACK,5,GB,2023-02-23T10:49:46,,2023-02-23T10:49:46,2026-04-01T11:05:50.401874
4421a09d-a5e1-40de-9b15-bda79697aa5e,b6d33f86-1559-4282-8195-a33761e8e414,DATA_CAP,100,GB,2020-11-15T02:31:03,,2020-11-15T02:31:03,2026-04-01T11:05:50.401905
8282c6c5-2d4a-4ca1-b906-e9cec4c89fe0,5416abf5-e433-4d7d-8706-4df76acfe176,CONTENT,1,DAYS,2025-12-01T16:54:20,,2025-12-01T16:54:20,2026-04-01T11:05:50.401936
b0201435-869e-4834-a0dd-df26d53a6013,5416abf5-e433-4d7d-8706-4df76acfe176,SPEED_TIER,100,MBPS,2025-02-02T20:09:54,,2025-02-02T20:09:54,2026-04-01T11:05:50.401949
3ad472bf-2b2a-4709-827d-316e3c4215f4,b82bb877-2a89-488f-b1a2-ef35a33decc6,SPEED_TIER,1000,MBPS,2022-02-08T02:17:27,,2022-02-08T02:17:27,2026-04-01T11:05:50.401982
9e11b755-421e-4ed4-b020-365f0705747c,8a3f1274-d52e-46bc-9017-8a1c53a28a55,ROAMING_PACK,5,GB,2022-02-05T08:01:30,,2022-02-05T08:01:30,2026-04-01T11:05:50.402020
068c359f-692a-44aa-a4d8-cece84de7912,d46866cf-c9be-406f-9fa0-c22915bce00e,SPEED_TIER,1000,MBPS,2025-09-11T10:03:28,,2025-09-11T10:03:28,2026-04-01T11:05:50.402053
ec8796fe-94bc-43c1-aeca-58c3c20bdfe7,d46866cf-c9be-406f-9fa0-c22915bce00e,SPEED_TIER,100,MBPS,2024-02-23T03:03:41,,2024-02-23T03:03:41,2026-04-01T11:05:50.402067
a06e7492-521e-45cc-96f2-d2dcd1468795,431dbd81-7e17-4544-922d-593bdb9f36db,SPEED_TIER,1000,MBPS,2021-03-23T21:03:41,,2021-03-23T21:03:41,2026-04-01T11:05:50.402098
bfedcf83-8f4a-4b0a-b3f7-75651bc498d4,e4f167fd-836f-467d-81ec-886c1edc10a9,SPEED_TIER,100,MBPS,2022-07-16T19:44:45,,2022-07-16T19:44:45,2026-04-01T11:05:50.402130
50cf6609-a713-4a81-90c6-06d3e0f2e4d8,e4f167fd-836f-467d-81ec-886c1edc10a9,SPEED_TIER,1000,MBPS,2024-05-24T12:06:14,,2024-05-24T12:06:14,2026-04-01T11:05:50.402143
ba85ea65-da38-4397-9272-99bbca5f7ce2,042c99ac-d67c-4120-8fa8-be1054b61dd2,DATA_CAP,10,GB,2021-01-21T05:32:58,,2021-01-21T05:32:58,2026-04-01T11:05:50.402174
0c273aff-e37f-46f0-94d8-55973282461b,73504f81-3296-4c9d-b992-1e45eb9032b5,DATA_CAP,50,GB,2023-09-22T14:09:00,,2023-09-22T14:09:00,2026-04-01T11:05:50.402207
9207a74a-4e46-4ed2-b88c-cbffbd4329eb,10a454f7-f54f-4b05-be1e-0df538a30d2c,DATA_CAP,10,GB,2026-08-30T11:30:37,,2026-08-30T11:30:37,2026-04-01T11:05:50.402240
fd8f47ee-a3b9-438f-9a50-3a7412dadb15,a1b39730-b0f1-41c1-878d-0733ca71c813,DATA_CAP,100,GB,2025-11-21T16:10:48,,2025-11-21T16:10:48,2026-04-01T11:05:50.402272
60996916-9435-4635-87f9-1e134f1deafe,a1b39730-b0f1-41c1-878d-0733ca71c813,DATA_CAP,50,GB,2021-01-19T03:19:51,,2021-01-19T03:19:51,2026-04-01T11:05:50.402287
5af1b4fc-c1d5-4752-a03e-f446ad66260c,1899cb5a-8957-469f-b983-22832779e88f,SPEED_TIER,500,MBPS,2025-10-22T21:54:55,,2025-10-22T21:54:55,2026-04-01T11:05:50.402325
b035b441-c7fd-43cd-8f41-d6b7bd65fd4f,1899cb5a-8957-469f-b983-22832779e88f,CONTENT,1,DAYS,2025-06-06T03:17:43,,2025-06-06T03:17:43,2026-04-01T11:05:50.402338
f232aa46-6d37-40c9-aca6-cc7ccd82889e,69f26634-976c-47b1-a5ef-d25b507ec1e2,SPEED_TIER,1000,MBPS,2024-01-12T06:47:05,,2024-01-12T06:47:05,2026-04-01T11:05:50.402370
fd68a222-9456-49f9-a92a-6026a5fc5b74,e1593b4e-d455-41de-89c4-c95075eeb007,ROAMING_PACK,10,GB,2021-12-17T08:58:43,,2021-12-17T08:58:43,2026-04-01T11:05:50.402404
aa5dec30-35b0-4af7-b8e2-a8bcbd311c38,e1593b4e-d455-41de-89c4-c95075eeb007,SPEED_TIER,500,MBPS,2023-09-18T12:37:26,,2023-09-18T12:37:26,2026-04-01T11:05:50.402418
faf6a187-6da9-4e86-8986-c02f28b76ce9,93ba01b5-84a0-4e05-a4e8-8059819c6b5e,ROAMING_PACK,5,GB,2026-05-10T11:18:07,,2026-05-10T11:18:07,2026-04-01T11:05:50.402449
f5abd167-a43a-41c7-976b-696754c23f26,addecff4-31cb-4234-ab4a-c72776906adc,DATA_CAP,50,GB,2023-05-28T15:18:04,,2023-05-28T15:18:04,2026-04-01T11:05:50.402481
4dc96fef-256c-4b81-9e9e-8159fd94f1e6,71a083ff-ab37-4772-b875-e05ce72162fd,SPEED_TIER,1000,MBPS,2023-12-13T21:53:00,,2023-12-13T21:53:00,2026-04-01T11:05:50.402512
258b076c-9388-4d67-9cc7-b04383ce286f,71a083ff-ab37-4772-b875-e05ce72162fd,DATA_CAP,10,GB,2022-10-26T04:22:56,,2022-10-26T04:22:56,2026-04-01T11:05:50.402525
a1415538-15ea-4f29-a4aa-fa69d722e4ca,ab648f67-355a-45b0-9a11-5f073c32034d,SPEED_TIER,100,MBPS,2021-08-07T23:12:27,,2021-08-07T23:12:27,2026-04-01T11:05:50.402556
c6d634ee-0693-446c-b267-c3a92b78783f,ab648f67-355a-45b0-9a11-5f073c32034d,CONTENT,1,DAYS,2020-11-26T09:14:02,,2020-11-26T09:14:02,2026-04-01T11:05:50.402644
a79d1cca-3fa4-4651-b106-9b43e77042f9,76c0ad71-f3bb-4341-a0e0-af8aa1e98bfd,CONTENT,1,DAYS,2023-06-26T05:36:27,,2023-06-26T05:36:27,2026-04-01T11:05:50.402697
955275e4-17ff-42b1-a28c-578a07a8609c,76c0ad71-f3bb-4341-a0e0-af8aa1e98bfd,SPEED_TIER,500,MBPS,2026-06-26T04:43:49,,2026-06-26T04:43:49,2026-04-01T11:05:50.402704
5dca9c2b-e2c4-47da-8010-7a1652fd83f2,9dec5e5e-d477-481d-ba92-d64d81e92a05,ROAMING_PACK,10,GB,2022-01-21T12:50:56,,2022-01-21T12:50:56,2026-04-01T11:05:50.402723
afbe08da-ad25-4034-b89e-3b80f6142168,9dec5e5e-d477-481d-ba92-d64d81e92a05,SPEED_TIER,1000,MBPS,2021-01-28T04:33:28,,2021-01-28T04:33:28,2026-04-01T11:05:50.402730
d98afbb5-bcd8-4186-823d-b169a70b76d0,1686f85c-ce55-44ef-9a49-1922137cc9bc,DATA_CAP,10,GB,2026-04-08T00:49:26,,2026-04-08T00:49:26,2026-04-01T11:05:50.402746
96fc4551-4e59-48c8-a560-10ca7390391b,2abfb610-4a8a-43e4-ab38-1ab1dfac50fe,CONTENT,1,DAYS,2023-04-16T01:48:54,,2023-04-16T01:48:54,2026-04-01T11:05:50.402760
4592e83a-e892-486c-97ad-950f2794451e,2abfb610-4a8a-43e4-ab38-1ab1dfac50fe,SPEED_TIER,1000,MBPS,2021-05-30T12:42:00,,2021-05-30T12:42:00,2026-04-01T11:05:50.402767
2ee4007c-844a-4252-9374-064305c7245e,566f7bce-dc72-463c-ac53-6feb97229449,SPEED_TIER,500,MBPS,2026-08-31T03:52:18,,2026-08-31T03:52:18,2026-04-01T11:05:50.402783
884dea85-f634-4406-9086-14cf1b9b13cf,566f7bce-dc72-463c-ac53-6feb97229449,CONTENT,1,DAYS,2025-05-26T22:21:55,,2025-05-26T22:21:55,2026-04-01T11:05:50.402789
369168ef-bbc2-4dfc-b562-3c0055feb468,24db2a31-ea0f-4684-8388-08e109b9596f,DATA_CAP,100,GB,2021-09-25T09:40:19,,2021-09-25T09:40:19,2026-04-01T11:05:50.402806
708d0195-6ce1-41da-bb3c-93de6426a4d4,24db2a31-ea0f-4684-8388-08e109b9596f,DATA_CAP,10,GB,2025-06-09T19:44:12,,2025-06-09T19:44:12,2026-04-01T11:05:50.402812
d8dce0f1-c36d-4c5e-9476-99bf121a9cb6,47b810d3-43e3-49f6-80df-f752f3589808,DATA_CAP,10,GB,2025-09-02T14:25:03,,2025-09-02T14:25:03,2026-04-01T11:05:50.402827
39bacbe8-efb0-4b63-8eb2-aa6700dc7f0c,47b810d3-43e3-49f6-80df-f752f3589808,DATA_CAP,25,GB,2023-05-13T12:30:11,,2023-05-13T12:30:11,2026-04-01T11:05:50.402833
0eb11655-8509-4a05-a3a2-3549a05ea500,b795bab3-2218-4ec0-a7bf-12030ae3f0b7,DATA_CAP,10,GB,2022-01-26T04:52:47,,2022-01-26T04:52:47,2026-04-01T11:05:50.402850
9e913700-89b3-438f-a325-3b56de26fa13,74f0db9c-f0e9-466c-a2e6-52d57e4d73a9,CONTENT,1,DAYS,2025-07-12T11:42:17,,2025-07-12T11:42:17,2026-04-01T11:05:50.402865
0f9ab99c-a244-4141-b90f-d612dcbea279,5334ebaa-1da3-4da4-9eb1-51c0217594a9,DATA_CAP,25,GB,2026-04-30T12:00:37,,2026-04-30T12:00:37,2026-04-01T11:05:50.402879
7e70d183-c84f-4034-821c-481fd34b8535,5334ebaa-1da3-4da4-9eb1-51c0217594a9,SPEED_TIER,100,MBPS,2020-05-19T20:41:57,,2020-05-19T20:41:57,2026-04-01T11:05:50.402885
cf34b2d7-3df3-4c59-851f-13d9625303de,6e654284-46ac-4cbc-8c1d-930268bf0eee,DATA_CAP,10,GB,2021-10-10T11:32:54,,2021-10-10T11:32:54,2026-04-01T11:05:50.402899
0474b060-185f-48c8-ae56-e9ffb22f746f,6e654284-46ac-4cbc-8c1d-930268bf0eee,ROAMING_PACK,10,GB,2022-05-13T11:57:45,,2022-05-13T11:57:45,2026-04-01T11:05:50.402907
5d5b5331-af1f-4f4e-87ea-cf9e321ac500,ebc870e1-aff1-4bae-a782-d3aaa21a3a75,DATA_CAP,50,GB,2023-02-14T21:19:59,,2023-02-14T21:19:59,2026-04-01T11:05:50.402923
54eeb89c-fbf4-4b57-a624-d00132d709ab,4f7cc859-3c81-46c1-8093-fb974b9cd14b,ROAMING_PACK,10,GB,2025-11-22T08:08:44,,2025-11-22T08:08:44,2026-04-01T11:05:50.402937
f7d9cc7d-b597-4868-a18b-87ad74a606d1,4f7cc859-3c81-46c1-8093-fb974b9cd14b,SPEED_TIER,500,MBPS,2026-08-08T18:22:37,,2026-08-08T18:22:37,2026-04-01T11:05:50.402943
2b7871c9-4d42-4637-82d6-b512a7931179,fbb0f86b-1d4d-4cea-8a31-208ced67dc45,ROAMING_PACK,5,GB,2023-08-18T07:49:51,,2023-08-18T07:49:51,2026-04-01T11:05:50.402958
6094f404-0e43-41cf-b1fd-de1701f5efbd,2c587671-8bae-403f-b5b2-dae40d9477d3,DATA_CAP,25,GB,2020-09-10T19:16:07,,2020-09-10T19:16:07,2026-04-01T11:05:50.402973
083b2cb0-6b2e-45ea-8939-b24cc4755a06,bcc53bcd-7e01-4fbc-8cc4-a25a36ef83d1,ROAMING_PACK,5,GB,2024-03-26T04:40:36,,2024-03-26T04:40:36,2026-04-01T11:05:50.402991
4c248706-ad90-4f40-a420-8759e9d434ba,bcc53bcd-7e01-4fbc-8cc4-a25a36ef83d1,ROAMING_PACK,10,GB,2022-03-29T06:16:31,,2022-03-29T06:16:31,2026-04-01T11:05:50.402997
19e99dfc-dbe1-45a2-a92c-6225b7b8e678,f4eddd52-f850-478a-8a6c-9a7ba7dd5dee,CONTENT,1,DAYS,2020-04-09T20:42:06,,2020-04-09T20:42:06,2026-04-01T11:05:50.403012
d291ad68-5c75-4328-9016-0ca67a664fac,f4eddd52-f850-478a-8a6c-9a7ba7dd5dee,DATA_CAP,100,GB,2020-05-16T04:57:00,,2020-05-16T04:57:00,2026-04-01T11:05:50.403017
e1686d3b-d0d7-4714-9c1b-7617b0c0f130,9ac9465b-b92f-46ff-908f-e448a5589332,ROAMING_PACK,10,GB,2025-07-25T06:53:13,,2025-07-25T06:53:13,2026-04-01T11:05:50.403032
a97aeb29-d324-4c46-a9e7-2ad66ca3fede,9a7b7ed2-bead-4939-8f9c-51579544d7d8,SPEED_TIER,1000,MBPS,2020-10-17T18:05:08,,2020-10-17T18:05:08,2026-04-01T11:05:50.403047
72470e26-a4ae-4a3a-ad6a-03b72b169676,9a7b7ed2-bead-4939-8f9c-51579544d7d8,ROAMING_PACK,10,GB,2023-05-06T03:07:31,,2023-05-06T03:07:31,2026-04-01T11:05:50.403053
b059363a-505a-4f85-a738-a603dcbc122b,590104dc-7a88-4479-981e-7ace2befc5f6,SPEED_TIER,1000,MBPS,2024-01-05T02:55:55,,2024-01-05T02:55:55,2026-04-01T11:05:50.403067
30fe7ae6-b7f2-43e9-a87b-aa137e0bcc60,514a3784-d847-4047-9941-f9ca29edbd60,CONTENT,1,DAYS,2020-08-20T17:44:57,,2020-08-20T17:44:57,2026-04-01T11:05:50.403082
57a292ad-e5ee-4216-8414-08489f594cb3,903557c5-303c-453e-89c2-048e8c2614d4,SPEED_TIER,500,MBPS,2020-08-31T04:13:35,,2020-08-31T04:13:35,2026-04-01T11:05:50.403099
212bd3df-6fad-48b2-aecf-1c9a9b956398,bbafd9d6-101d-4daf-b093-e0231c9222f2,DATA_CAP,10,GB,2023-11-17T02:26:38,,2023-11-17T02:26:38,2026-04-01T11:05:50.403121
4297b0ea-fc22-4bb9-aebc-8dba641dbdc2,7d3a8530-128e-403a-8283-9126c57c6942,DATA_CAP,100,GB,2023-12-05T13:30:19,,2023-12-05T13:30:19,2026-04-01T11:05:50.403136
72ea66ba-3a29-40a9-b654-230cc45507e9,fb1d7b7f-823b-475c-9af3-d21eb0560f83,CONTENT,1,DAYS,2024-04-02T21:43:47,,2024-04-02T21:43:47,2026-04-01T11:05:50.403150
8bac7d25-e721-479c-8165-df63d9810653,97b7fcd1-832f-4e0a-8604-9df4c55ec689,DATA_CAP,25,GB,2024-11-28T03:57:39,,2024-11-28T03:57:39,2026-04-01T11:05:50.403165
062878c0-8d5e-43f4-9403-322ec81be4ba,97b7fcd1-832f-4e0a-8604-9df4c55ec689,SPEED_TIER,500,MBPS,2023-12-11T06:21:27,,2023-12-11T06:21:27,2026-04-01T11:05:50.403170
5152ddf1-a1b8-4b9a-a782-69d10351dd69,7ed6cd0c-a495-404a-90c2-5c4bfbf6eb67,ROAMING_PACK,10,GB,2026-05-15T01:51:00,,2026-05-15T01:51:00,2026-04-01T11:05:50.403187
80ac04ed-489c-4530-980e-8702caf1bc70,7ed6cd0c-a495-404a-90c2-5c4bfbf6eb67,DATA_CAP,100,GB,2020-08-20T02:03:08,,2020-08-20T02:03:08,2026-04-01T11:05:50.403193
84a2479c-77be-4ab7-a498-ab92b563f8c0,165b2399-2b8f-4d17-bac2-fc24efa2357e,CONTENT,1,DAYS,2024-06-17T15:42:07,,2024-06-17T15:42:07,2026-04-01T11:05:50.403207
74529a26-4f5f-48d5-b2b1-4a92ab1ce798,165b2399-2b8f-4d17-bac2-fc24efa2357e,DATA_CAP,25,GB,2020-11-08T08:34:13,,2020-11-08T08:34:13,2026-04-01T11:05:50.403213
9c81fb1d-4837-4111-b076-35b699e60383,37dbcab3-1d96-4a20-aaeb-7b78c6af501d,DATA_CAP,100,GB,2025-11-27T08:20:44,,2025-11-27T08:20:44,2026-04-01T11:05:50.403228
94b53b1a-7c36-4f35-92c9-9cf61f6c5a80,cc7dca5f-5334-45cd-8b0e-0128ffc3c671,DATA_CAP,50,GB,2025-11-03T07:19:47,,2025-11-03T07:19:47,2026-04-01T11:05:50.403242
fe9839ee-d462-47f5-b54b-a4bd7b709a88,38e0b1bb-8d7f-444f-b790-f8e95c820ce6,ROAMING_PACK,5,GB,2021-04-12T00:31:53,,2021-04-12T00:31:53,2026-04-01T11:05:50.403257
878832c6-75a4-4d05-8790-c2e5548ca7ed,38e0b1bb-8d7f-444f-b790-f8e95c820ce6,DATA_CAP,10,GB,2023-01-12T08:37:24,,2023-01-12T08:37:24,2026-04-01T11:05:50.403263
f12627e2-d019-44a8-bbd5-6cd9c607d616,8afe89e0-e0ea-4a1f-b59a-261a8b35db04,DATA_CAP,10,GB,2022-07-08T06:24:11,,2022-07-08T06:24:11,2026-04-01T11:05:50.403277
dd63aa77-8d54-4687-bf79-7af1b96bd2c3,8afe89e0-e0ea-4a1f-b59a-261a8b35db04,SPEED_TIER,1000,MBPS,2025-12-21T01:42:19,,2025-12-21T01:42:19,2026-04-01T11:05:50.403282
eea27eba-5feb-43f1-a6e0-74f0b29dd63f,0487dd3a-94ad-49d5-aa53-3c5495b43f9b,SPEED_TIER,500,MBPS,2022-12-11T18:13:48,,2022-12-11T18:13:48,2026-04-01T11:05:50.403297
b48a4ade-d870-4401-a911-7df6230ff4b6,4ba29903-3f90-41a8-bf77-347db05942b6,ROAMING_PACK,10,GB,2024-05-08T23:59:43,,2024-05-08T23:59:43,2026-04-01T11:05:50.403312
ac2a97dd-7376-4620-86dd-28726963190e,4ba29903-3f90-41a8-bf77-347db05942b6,SPEED_TIER,100,MBPS,2025-12-30T14:27:36,,2025-12-30T14:27:36,2026-04-01T11:05:50.403317
05b51fee-0df7-4c37-ad80-0f1a4bfaf08e,d5224693-f118-4d09-a84f-ea02cff2bb0f,DATA_CAP,100,GB,2026-02-01T09:21:36,,2026-02-01T09:21:36,2026-04-01T11:05:50.403335
0e84fde5-501a-45d7-8abc-59533256d166,f6550f1c-b32e-4097-b378-33d93b1d51ba,DATA_CAP,10,GB,2021-05-24T09:36:42,,2021-05-24T09:36:42,2026-04-01T11:05:50.403349
18e4dc78-aebd-4747-b3ca-0d8f3571fad3,0034247b-0bba-4938-a38b-94e91593ad98,ROAMING_PACK,10,GB,2022-06-11T13:03:37,,2022-06-11T13:03:37,2026-04-01T11:05:50.403365
82350fe2-f5c4-4040-b72c-1e8c3ed9c97f,0034247b-0bba-4938-a38b-94e91593ad98,DATA_CAP,25,GB,2023-02-06T19:35:20,,2023-02-06T19:35:20,2026-04-01T11:05:50.403371
34209620-d20e-4681-ba50-bad13fcfdf78,432169dc-ec40-4693-b9e2-a7665c2a32fe,DATA_CAP,50,GB,2021-08-24T19:41:03,,2021-08-24T19:41:03,2026-04-01T11:05:50.403388
680aaeee-fee4-4022-8a31-ed49029a1110,fb3ab125-d0ae-4750-a1d4-a54553882c05,DATA_CAP,100,GB,2020-09-06T22:16:16,,2020-09-06T22:16:16,2026-04-01T11:05:50.403402
cef48a78-267a-403b-8007-3d62a5b77be8,8d9081a0-283d-4842-82a8-819dd19ca4be,ROAMING_PACK,10,GB,2020-11-13T07:13:20,,2020-11-13T07:13:20,2026-04-01T11:05:50.403416
14d600a3-0c40-4c18-8ad4-4b5ba0fea7eb,8d9081a0-283d-4842-82a8-819dd19ca4be,CONTENT,1,DAYS,2024-03-01T21:26:04,,2024-03-01T21:26:04,2026-04-01T11:05:50.403422
c09119b5-6658-45a9-b2f5-b3b9dbb82950,edb5361e-9f47-43ba-ad63-0d0e70b88a95,SPEED_TIER,500,MBPS,2025-04-11T09:39:01,,2025-04-11T09:39:01,2026-04-01T11:05:50.403436
167e3a60-71b3-4635-89fb-f3f2b8159435,edb5361e-9f47-43ba-ad63-0d0e70b88a95,DATA_CAP,50,GB,2024-02-17T01:18:59,,2024-02-17T01:18:59,2026-04-01T11:05:50.403442
5958bafa-4e14-40d6-8690-0b48893b74d0,edb5361e-9f47-43ba-ad63-0d0e70b88a95,DATA_CAP,50,GB,2026-08-18T00:06:38,,2026-08-18T00:06:38,2026-04-01T11:05:50.403448
d0fed2ec-1ba6-43a1-b93c-2d6618cd15d3,ee66a039-9513-4414-9210-57f9c57f9b74,SPEED_TIER,1000,MBPS,2026-07-14T01:42:46,,2026-07-14T01:42:46,2026-04-01T11:05:50.403461
f35ec3a6-69b0-4b22-a624-b2bb83a665d0,f0ecb83d-3ce8-422e-8f2a-ce3f332a6d62,DATA_CAP,25,GB,2025-12-01T01:38:30,,2025-12-01T01:38:30,2026-04-01T11:05:50.403479
67f854aa-2eec-4a9a-86be-71e3d13d442a,a4f2fc6a-d944-420b-8fb7-8a3bd3893bce,SPEED_TIER,500,MBPS,2022-08-03T14:20:47,,2022-08-03T14:20:47,2026-04-01T11:05:50.403493
4b9e2f44-8f0b-43db-8957-8630981b8b6d,edcdb8d0-2bc0-41d9-8b01-2f55e7717e17,SPEED_TIER,500,MBPS,2025-06-06T19:14:28,,2025-06-06T19:14:28,2026-04-01T11:05:50.403507
bd59bbc6-6726-4bd0-9f2d-68f68d9374de,c62bbaa1-c5a9-4ee1-b64e-bbe1ea7205f5,CONTENT,1,DAYS,2021-07-19T19:16:50,,2021-07-19T19:16:50,2026-04-01T11:05:50.403523
46c46eba-a231-4606-a78b-314d13ca3e58,7f6f3901-0e24-4ac0-b684-752f71963046,DATA_CAP,100,GB,2022-01-06T14:00:10,,2022-01-06T14:00:10,2026-04-01T11:05:50.403538
3dc84075-417e-4a22-9002-750d844031f2,7f6f3901-0e24-4ac0-b684-752f71963046,DATA_CAP,25,GB,2024-09-10T08:48:35,,2024-09-10T08:48:35,2026-04-01T11:05:50.403545
55583b60-de94-47e8-8ddf-bad3cfcf9b08,acc43b76-8caf-4bf5-83b9-de9070d11f10,DATA_CAP,25,GB,2021-06-26T16:55:33,,2021-06-26T16:55:33,2026-04-01T11:05:50.403560
5a20eade-3d31-419e-8c67-4f753e53fae3,1cd962d0-ddd8-40ed-ba88-32e417d69793,SPEED_TIER,500,MBPS,2023-10-10T18:38:39,,2023-10-10T18:38:39,2026-04-01T11:05:50.403574
d2b87e05-6258-4811-842c-419efe32616c,b417f85f-897b-4fac-85ea-b9aacbdc98a1,SPEED_TIER,1000,MBPS,2023-03-30T15:44:08,,2023-03-30T15:44:08,2026-04-01T11:05:50.403587
f5368120-40a6-493f-aa57-1d4962257be6,0686a207-365c-4a22-ad19-3a58b7e15f3b,SPEED_TIER,1000,MBPS,2023-08-05T14:11:32,,2023-08-05T14:11:32,2026-04-01T11:05:50.403602
ef963bdf-7408-4f43-9b19-f03e760189a5,330fddf8-e235-44a3-a414-c0a12541a353,SPEED_TIER,1000,MBPS,2023-03-14T10:24:20,,2023-03-14T10:24:20,2026-04-01T11:05:50.403616
d189f101-8770-4ec3-9a33-f878a43702e6,330fddf8-e235-44a3-a414-c0a12541a353,DATA_CAP,50,GB,2021-08-09T01:52:47,,2021-08-09T01:52:47,2026-04-01T11:05:50.403622
b485a45d-f70c-41cc-a92e-76a7125beb45,eadff600-6d49-4b27-8539-a6f61ffcff52,SPEED_TIER,500,MBPS,2023-03-12T05:07:18,,2023-03-12T05:07:18,2026-04-01T11:05:50.403636
47363b1e-3f24-49ab-b83e-4683394549d5,ef470225-6352-4081-bc44-5db42da9ebfe,SPEED_TIER,100,MBPS,2021-07-31T03:13:35,,2021-07-31T03:13:35,2026-04-01T11:05:50.403651
a05d6ee6-292f-4075-ac6c-1c740bad15e7,ef470225-6352-4081-bc44-5db42da9ebfe,ROAMING_PACK,10,GB,2021-11-22T00:38:57,,2021-11-22T00:38:57,2026-04-01T11:05:50.403657
c4071612-7639-4366-9eb2-d7f3683e0de1,1922389a-fa38-43f1-8b79-962d8cb276f0,CONTENT,1,DAYS,2024-10-12T23:28:33,,2024-10-12T23:28:33,2026-04-01T11:05:50.403671
1da25ae0-c8a1-4297-9403-ff1b44c2113c,1922389a-fa38-43f1-8b79-962d8cb276f0,DATA_CAP,50,GB,2025-02-01T09:58:07,,2025-02-01T09:58:07,2026-04-01T11:05:50.403677
446b0fae-6ec2-46d3-8c63-2570c9041825,eff14434-21f4-4cd8-b2ce-69ced5e2c505,SPEED_TIER,500,MBPS,2020-11-19T23:50:14,,2020-11-19T23:50:14,2026-04-01T11:05:50.403692
9389abca-a0a0-4166-ae57-35d6e008a4a1,1c73deb5-36f5-4099-a261-6d7d911350b9,SPEED_TIER,500,MBPS,2020-06-06T13:06:59,,2020-06-06T13:06:59,2026-04-01T11:05:50.403706
924d06b6-6440-4e50-aa19-12f6f1cdea03,416e06db-8a85-46ce-97ef-3cd9c4bae84c,DATA_CAP,10,GB,2022-10-04T04:37:24,,2022-10-04T04:37:24,2026-04-01T11:05:50.403720
81c27662-0e80-42ca-a44d-780288bbb5bb,73a76303-2811-4887-bd82-a5bba35f6391,SPEED_TIER,100,MBPS,2021-06-23T06:40:56,,2021-06-23T06:40:56,2026-04-01T11:05:50.403734
602123c3-8738-40cc-ab51-01a92e4e3ab0,957e7bf7-b477-4281-bc9b-feae875e488e,DATA_CAP,50,GB,2020-06-07T13:44:16,,2020-06-07T13:44:16,2026-04-01T11:05:50.403748
483dc125-dae8-478d-a0b0-33a85776789c,957e7bf7-b477-4281-bc9b-feae875e488e,CONTENT,1,DAYS,2024-04-06T20:37:15,,2024-04-06T20:37:15,2026-04-01T11:05:50.403754
2faa0b04-ef2e-4ae4-84e7-005ad345d1e9,00f51404-deae-4daf-8726-3cf6739e0cb2,ROAMING_PACK,5,GB,2024-05-25T19:22:34,,2024-05-25T19:22:34,2026-04-01T11:05:50.403768
a5369efd-2203-4414-8d9d-26ac709839fc,00f51404-deae-4daf-8726-3cf6739e0cb2,ROAMING_PACK,5,GB,2023-04-25T03:14:07,,2023-04-25T03:14:07,2026-04-01T11:05:50.403774
c404bb74-faea-4649-95df-3a34bdc60e4c,7ffe2a2d-ec5f-4d7d-8591-c69fa15b7a5a,DATA_CAP,25,GB,2023-11-24T22:25:45,,2023-11-24T22:25:45,2026-04-01T11:05:50.403788
a0c8d518-7d5f-4f3b-8442-caf16b90529a,0af2e78d-8c34-4e4b-aba9-b14b59309e08,SPEED_TIER,1000,MBPS,2020-09-06T17:49:20,,2020-09-06T17:49:20,2026-04-01T11:05:50.403812
41a40524-f469-4b6f-b5da-f79a97a5092a,02997c59-84a0-42fd-8b4f-6cf28bfb46f6,DATA_CAP,100,GB,2023-10-23T20:52:02,,2023-10-23T20:52:02,2026-04-01T11:05:50.403826
d5024026-40f2-4a01-bdd2-6f08dfd07e73,02997c59-84a0-42fd-8b4f-6cf28bfb46f6,SPEED_TIER,100,MBPS,2025-01-07T13:14:36,,2025-01-07T13:14:36,2026-04-01T11:05:50.403832
4c9ab63c-8181-4dce-b9ee-4cc543fdc245,52d8b4b7-243f-4715-97ba-bf4947b906e4,ROAMING_PACK,10,GB,2020-03-22T23:01:51,,2020-03-22T23:01:51,2026-04-01T11:05:50.403846
a11cb2f5-0791-47e9-aed0-6b34aad8b200,80c12a66-2513-4c64-ac02-662c4773e233,DATA_CAP,100,GB,2024-01-23T17:12:10,,2024-01-23T17:12:10,2026-04-01T11:05:50.403862
2909432e-51f0-445b-bf6a-ddcfed30f1cf,80c12a66-2513-4c64-ac02-662c4773e233,ROAMING_PACK,10,GB,2024-06-08T22:14:18,,2024-06-08T22:14:18,2026-04-01T11:05:50.403869
6bd07e2a-1083-4dc2-a36a-7cc3e5c99cce,0028eb34-770f-411c-9054-7940680420e5,ROAMING_PACK,10,GB,2021-02-23T16:25:50,,2021-02-23T16:25:50,2026-04-01T11:05:50.403883
c51dd8d6-9dfc-4b76-8bdb-63dd9ede36d7,0028eb34-770f-411c-9054-7940680420e5,ROAMING_PACK,5,GB,2020-06-22T05:18:19,,2020-06-22T05:18:19,2026-04-01T11:05:50.403890
5713bcbb-1110-414a-ba3e-6ceda1e93e68,a7bf4337-5eea-444c-83f0-a5eb5b884528,SPEED_TIER,1000,MBPS,2021-06-21T23:56:17,,2021-06-21T23:56:17,2026-04-01T11:05:50.403903
51c70c0c-4fdb-4ee3-9f9e-1979863fe141,a7bf4337-5eea-444c-83f0-a5eb5b884528,DATA_CAP,25,GB,2020-11-09T02:32:46,,2020-11-09T02:32:46,2026-04-01T11:05:50.403911
5d250ebd-567a-41e7-983e-d55d520f93cf,67b4e5c4-b2c5-45ac-8ab8-e6e8be6fabc1,SPEED_TIER,1000,MBPS,2022-03-06T19:54:19,,2022-03-06T19:54:19,2026-04-01T11:05:50.403927
78354c1e-32bf-4da0-9d52-7ef06922bdc4,67b4e5c4-b2c5-45ac-8ab8-e6e8be6fabc1,SPEED_TIER,500,MBPS,2024-10-07T16:47:01,,2024-10-07T16:47:01,2026-04-01T11:05:50.403933
4ef1cafa-4f0e-491e-83f2-a5a229f33d9e,3d6d42a8-987a-4a97-bebf-4a202fe079e5,ROAMING_PACK,5,GB,2024-03-22T09:27:05,,2024-03-22T09:27:05,2026-04-01T11:05:50.403947
15af6710-58d5-49e4-bc8f-df622c79a76c,3d6d42a8-987a-4a97-bebf-4a202fe079e5,DATA_CAP,100,GB,2024-07-22T17:17:30,,2024-07-22T17:17:30,2026-04-01T11:05:50.403953
0c263307-a17e-4f04-9510-9f5575bd051b,7e6fde2b-f3e1-4507-979d-d5c8b0579e6e,ROAMING_PACK,10,GB,2021-03-19T14:14:36,,2021-03-19T14:14:36,2026-04-01T11:05:50.403967
b2cf58d9-ed71-43a0-9a6b-63022d6d17a3,7e6fde2b-f3e1-4507-979d-d5c8b0579e6e,DATA_CAP,10,GB,2024-06-15T07:28:23,,2024-06-15T07:28:23,2026-04-01T11:05:50.403978
19d188ab-ef60-408d-b20b-d1881ac53702,289489c8-bf2b-4df7-a9fe-328b46598bae,ROAMING_PACK,5,GB,2026-08-27T07:05:09,,2026-08-27T07:05:09,2026-04-01T11:05:50.403995
ec5f065f-ceb4-45d2-9ab0-bfde4f35f5c0,289489c8-bf2b-4df7-a9fe-328b46598bae,SPEED_TIER,1000,MBPS,2026-11-30T15:33:46,,2026-11-30T15:33:46,2026-04-01T11:05:50.404001
3df49d5a-85e8-43f1-b911-353af9129635,ae5c1cf3-ff75-44fc-8490-54fcfcd4450e,DATA_CAP,10,GB,2023-08-09T22:36:38,,2023-08-09T22:36:38,2026-04-01T11:05:50.404016
b44df495-426f-4e5c-8509-4b2bc7a7c440,83de7a10-8b92-4ba1-ace6-9284b34b75f6,SPEED_TIER,500,MBPS,2025-03-04T22:30:32,,2025-03-04T22:30:32,2026-04-01T11:05:50.404030
d56055eb-1a6a-4a1a-b72e-4c7841ce4423,83de7a10-8b92-4ba1-ace6-9284b34b75f6,ROAMING_PACK,10,GB,2020-11-29T03:27:44,,2020-11-29T03:27:44,2026-04-01T11:05:50.404036
909dac70-ba22-437c-af38-a0fbba8c39a0,590d4cb3-8074-4b3d-8a69-f57f909eccc8,DATA_CAP,25,GB,2020-06-08T13:31:10,,2020-06-08T13:31:10,2026-04-01T11:05:50.404051
bdc43e1e-cc01-44c4-b3ab-480f102c4dfd,590d4cb3-8074-4b3d-8a69-f57f909eccc8,ROAMING_PACK,10,GB,2025-06-18T04:47:55,,2025-06-18T04:47:55,2026-04-01T11:05:50.404057
ecba2034-fc62-4bef-bb3f-b10fa06a2a0b,71761108-a65e-45b9-b3ee-2dfe4b5a1488,ROAMING_PACK,10,GB,2023-08-13T19:56:23,,2023-08-13T19:56:23,2026-04-01T11:05:50.404071
8efba4e2-ae0c-4a9b-8e69-18a42770f04d,c907f8da-3f6c-4a27-be9f-60770a1f00a1,ROAMING_PACK,10,GB,2026-10-12T08:30:29,,2026-10-12T08:30:29,2026-04-01T11:05:50.404086
96efc09c-71be-4fcd-8ea5-37bc965348e0,23a63937-1a56-4b7f-8700-17831bfbe7db,DATA_CAP,50,GB,2021-09-07T15:04:00,,2021-09-07T15:04:00,2026-04-01T11:05:50.404102
cb693e25-4c16-4bd1-b939-cb24d214b17b,23a63937-1a56-4b7f-8700-17831bfbe7db,SPEED_TIER,100,MBPS,2022-02-07T06:44:06,,2022-02-07T06:44:06,2026-04-01T11:05:50.404108
a80a837c-3437-48a7-9004-248560b39a34,17a4ddff-095d-44ba-a4a7-1971b4729b03,DATA_CAP,100,GB,2023-11-13T20:00:59,,2023-11-13T20:00:59,2026-04-01T11:05:50.404122
22c4dc55-24ab-4a0d-8764-216009f2b4db,9b2bb164-b181-4a8b-b6b6-0cbe3e205529,SPEED_TIER,100,MBPS,2026-04-17T17:41:42,,2026-04-17T17:41:42,2026-04-01T11:05:50.404136
36531a46-834d-445f-9032-6df47bad8aee,9b2bb164-b181-4a8b-b6b6-0cbe3e205529,DATA_CAP,100,GB,2020-11-13T18:09:06,,2020-11-13T18:09:06,2026-04-01T11:05:50.404142
b2dc0a47-c6be-4293-93ab-5b8fd544ff85,1607a768-4217-4596-97f9-0e0024bfe709,SPEED_TIER,1000,MBPS,2023-09-14T18:49:54,,2023-09-14T18:49:54,2026-04-01T11:05:50.404156
8f977ddb-f941-4ad3-8fee-58e468ed225b,13bdef16-b857-433c-b3d9-acdab80e3534,CONTENT,1,DAYS,2021-08-23T04:10:30,,2021-08-23T04:10:30,2026-04-01T11:05:50.404171
d83b9049-819e-4f8f-b38e-6d9f780ac216,8eed1248-365e-4fa8-a6a4-cf79f540032b,SPEED_TIER,100,MBPS,2025-08-11T03:15:35,,2025-08-11T03:15:35,2026-04-01T11:05:50.404185
1a3dd5ae-ae65-4a5c-b1e1-4dba69e9fbec,d706757c-5db1-42c9-bac2-4885bdf7e25a,CONTENT,1,DAYS,2022-05-26T05:40:53,,2022-05-26T05:40:53,2026-04-01T11:05:50.404200
0a33307c-5fee-48be-838a-450b7463ce2f,d706757c-5db1-42c9-bac2-4885bdf7e25a,SPEED_TIER,100,MBPS,2021-08-08T13:35:28,,2021-08-08T13:35:28,2026-04-01T11:05:50.404206
a0e14ec1-e71d-445c-bae4-fb60e2951fdf,9196d179-573e-4d24-8e76-b5fe33fcfb09,ROAMING_PACK,5,GB,2023-11-18T23:27:13,,2023-11-18T23:27:13,2026-04-01T11:05:50.404220
d62a70fc-189f-45c3-9cd9-0fc25e85cee8,9196d179-573e-4d24-8e76-b5fe33fcfb09,CONTENT,1,DAYS,2026-04-11T06:24:23,,2026-04-11T06:24:23,2026-04-01T11:05:50.404227
e01e695d-176e-4a0f-b24a-535f02d0342d,300ddc61-2d63-4da9-8e85-12850429c328,SPEED_TIER,500,MBPS,2021-01-20T11:58:16,,2021-01-20T11:58:16,2026-04-01T11:05:50.404241
2be121bf-a0e3-42ed-bae5-e485b0b5f764,300ddc61-2d63-4da9-8e85-12850429c328,ROAMING_PACK,10,GB,2020-02-23T19:17:02,,2020-02-23T19:17:02,2026-04-01T11:05:50.404247
7d0a3640-d671-4d3f-af3e-8ce7fec5a8a7,17ab6eb1-f02d-4278-8693-004d603fde67,CONTENT,1,DAYS,2020-05-04T22:59:30,,2020-05-04T22:59:30,2026-04-01T11:05:50.404262
c31811b0-6b79-4190-a5d7-1c60313f59cb,ed57c1d0-dd7c-4301-9774-92844f5e2542,DATA_CAP,25,GB,2020-06-05T11:01:39,,2020-06-05T11:01:39,2026-04-01T11:05:50.404277
779f60fd-5e7a-4835-a081-8f7c776a60e2,bc3ef4e9-3766-4350-9f80-966b011bbc14,SPEED_TIER,500,MBPS,2021-02-03T17:17:54,,2021-02-03T17:17:54,2026-04-01T11:05:50.404291
51a62727-66f8-491b-adb6-e13cc04c6a35,4671cfd6-dbd3-4dc0-a084-02a7b4047db0,CONTENT,1,DAYS,2024-02-09T16:00:42,,2024-02-09T16:00:42,2026-04-01T11:05:50.404306
c9540b69-7d53-4fa7-a1f6-f8966464df7d,4bc57500-bbd7-448b-9a92-7b4ea5cd1314,DATA_CAP,25,GB,2021-12-07T14:02:17,,2021-12-07T14:02:17,2026-04-01T11:05:50.404320
17be0af2-12d4-41bd-83b4-9e7499dda851,4585cc19-508e-43dd-a49a-575d77bc018c,DATA_CAP,10,GB,2023-06-28T08:35:22,,2023-06-28T08:35:22,2026-04-01T11:05:50.404347
46b27e5f-1e16-438f-9467-81085168f182,5d9a0ce2-7e94-4a21-84b8-51cdfcefec6f,DATA_CAP,25,GB,2022-01-30T10:37:40,,2022-01-30T10:37:40,2026-04-01T11:05:50.404362
7a686291-c5f3-4745-960f-681197e05cfe,5d9a0ce2-7e94-4a21-84b8-51cdfcefec6f,DATA_CAP,10,GB,2021-11-24T00:13:40,,2021-11-24T00:13:40,2026-04-01T11:05:50.404368
22d2abdc-80d9-4ac7-b8da-fcf75ba82f1b,86873077-3120-4a3a-b349-3fbac5e72deb,DATA_CAP,50,GB,2023-06-25T01:24:45,,2023-06-25T01:24:45,2026-04-01T11:05:50.404383
62bfef2f-9f7f-47ee-8306-b47112ad41c0,86873077-3120-4a3a-b349-3fbac5e72deb,SPEED_TIER,100,MBPS,2021-12-30T08:08:36,,2021-12-30T08:08:36,2026-04-01T11:05:50.404389
e4b907de-b0a3-41a0-a321-98746bf9d267,6ccd2e5e-6cf5-45ed-a18d-35cf250742be,DATA_CAP,25,GB,2025-06-29T11:37:23,,2025-06-29T11:37:23,2026-04-01T11:05:50.404404
6c25d834-da8c-40d8-890b-6dedba84811e,6ccd2e5e-6cf5-45ed-a18d-35cf250742be,SPEED_TIER,500,MBPS,2025-11-12T14:53:40,,2025-11-12T14:53:40,2026-04-01T11:05:50.404410
c0ba0eed-34ca-4ff6-97e8-ddb1fd7c7707,0233a2d2-c9c8-438b-a8ae-1ee81466e390,SPEED_TIER,100,MBPS,2022-04-29T10:44:32,,2022-04-29T10:44:32,2026-04-01T11:05:50.404428
0bb61dca-6510-436d-9f62-969a279cf919,d3650473-0e33-4bc2-8af3-424b80136d8b,DATA_CAP,10,GB,2021-04-17T16:42:40,,2021-04-17T16:42:40,2026-04-01T11:05:50.404445
ba13dd5c-a2e9-4878-8eb7-5718982b0985,25549b0c-b735-45c9-bc17-5c3c4c23a570,DATA_CAP,25,GB,2024-01-09T00:10:26,,2024-01-09T00:10:26,2026-04-01T11:05:50.404459
edf0e1f4-9cf4-4964-b24d-bed6b3153bf9,25549b0c-b735-45c9-bc17-5c3c4c23a570,ROAMING_PACK,5,GB,2023-10-02T10:41:57,,2023-10-02T10:41:57,2026-04-01T11:05:50.404465
3a09a2bb-8dd2-43b8-9257-e4a89c772d03,f8a92934-f120-40e2-93d4-b9f636a23306,CONTENT,1,DAYS,2025-02-12T18:36:44,,2025-02-12T18:36:44,2026-04-01T11:05:50.404481
78cb226d-b314-470f-bc22-bf376c23b95a,f8a92934-f120-40e2-93d4-b9f636a23306,SPEED_TIER,1000,MBPS,2024-06-23T15:53:15,,2024-06-23T15:53:15,2026-04-01T11:05:50.404487
42172d9c-25e7-4e75-bcd0-078124c6193b,b0f4dfd9-aa39-4419-9ccb-2f735bc7eec6,ROAMING_PACK,10,GB,2021-03-17T13:27:49,,2021-03-17T13:27:49,2026-04-01T11:05:50.404501
d7134d1d-6f45-4708-b68c-7f531ebc4f36,b0f4dfd9-aa39-4419-9ccb-2f735bc7eec6,SPEED_TIER,100,MBPS,2026-06-23T12:37:01,,2026-06-23T12:37:01,2026-04-01T11:05:50.404507
3d8ab0de-146d-421e-868b-4f48a67e4f28,b0f4dfd9-aa39-4419-9ccb-2f735bc7eec6,DATA_CAP,50,GB,2025-09-28T05:59:19,,2025-09-28T05:59:19,2026-04-01T11:05:50.404513
03560d76-66bb-455a-baa9-7b5b45bb91f9,8c74152a-4a41-4911-9339-9e194c66386f,DATA_CAP,50,GB,2023-11-18T14:25:10,,2023-11-18T14:25:10,2026-04-01T11:05:50.404527
4b2cb1d9-cffc-47b8-a4f7-fc7c788b4870,8c74152a-4a41-4911-9339-9e194c66386f,ROAMING_PACK,5,GB,2020-01-04T21:09:12,,2020-01-04T21:09:12,2026-04-01T11:05:50.404533
05180dc4-d689-4946-91e0-a199f32dece0,212f802b-1997-46c3-abfb-863e6bf4c1e0,ROAMING_PACK,10,GB,2024-03-12T00:30:10,,2024-03-12T00:30:10,2026-04-01T11:05:50.404549
9845be7f-e544-4631-877e-6a51689540c5,212f802b-1997-46c3-abfb-863e6bf4c1e0,SPEED_TIER,500,MBPS,2021-02-13T15:35:43,,2021-02-13T15:35:43,2026-04-01T11:05:50.404555
84a00ded-ef8b-46cc-bef6-e959a238a303,730b2e23-dbdc-43b1-ae9a-30ca129fd56d,DATA_CAP,50,GB,2023-07-27T04:25:49,,2023-07-27T04:25:49,2026-04-01T11:05:50.404569
3205fd34-5dfe-416d-81cd-bcfe4e4bc05c,730b2e23-dbdc-43b1-ae9a-30ca129fd56d,SPEED_TIER,500,MBPS,2023-03-05T21:46:55,,2023-03-05T21:46:55,2026-04-01T11:05:50.404574
66474ef4-17c5-4786-89ae-07f2622b542a,529c68f8-54d0-4376-b076-a35ae54a7269,CONTENT,1,DAYS,2021-12-30T07:23:23,,2021-12-30T07:23:23,2026-04-01T11:05:50.404588
a479c8db-6dde-4b39-8146-c228f26bc998,529c68f8-54d0-4376-b076-a35ae54a7269,SPEED_TIER,500,MBPS,2025-08-15T00:39:38,,2025-08-15T00:39:38,2026-04-01T11:05:50.404594
