snapshot_id,subscriber_id,snapshot_ts,balance_amount,currency_code,created_ts
62ce3a73-ce6c-443e-89d9-384710f7ee03,801f0e24-37e9-4c47-910f-97f9c256fcdc,2025-09-16T14:51:02,11.94,EUR,2020-01-04T05:17:26
b813941c-c1c0-4702-b3fd-8f189341cb14,801f0e24-37e9-4c47-910f-97f9c256fcdc,2025-06-05T15:26:42,31.22,EUR,2024-09-16T17:41:35
34531fce-a672-4752-900f-63e8253d4391,801f0e24-37e9-4c47-910f-97f9c256fcdc,2024-12-30T23:00:27,46.97,EUR,2021-01-02T01:32:03
a625d82b-4baf-4277-9947-c98b9b527a24,801f0e24-37e9-4c47-910f-97f9c256fcdc,2026-12-25T21:04:00,23.49,EUR,2021-10-01T18:39:46
0b4b6cee-6f5e-4367-8e16-a45f27f24532,801f0e24-37e9-4c47-910f-97f9c256fcdc,2024-11-12T15:10:11,14.19,EUR,2025-11-29T10:22:07
e95771b3-49a6-4222-92ad-c89e0aa05ec0,801f0e24-37e9-4c47-910f-97f9c256fcdc,2023-10-29T20:28:02,46.93,EUR,2022-11-23T06:18:50
c84be011-d87f-4fae-85c9-7146042d8212,801f0e24-37e9-4c47-910f-97f9c256fcdc,2026-06-06T02:28:51,44.07,EUR,2020-07-23T01:14:41
32e919ad-6b30-4441-a2a7-b5241f7ca954,801f0e24-37e9-4c47-910f-97f9c256fcdc,2023-11-04T15:40:02,16.73,EUR,2025-12-27T07:41:14
7543c5ec-87b3-4cf5-b9d2-69dcfa92363d,801f0e24-37e9-4c47-910f-97f9c256fcdc,2023-06-15T18:17:15,31.29,EUR,2023-03-10T15:23:03
77d32f2f-ea36-410f-802a-438d050ec673,801f0e24-37e9-4c47-910f-97f9c256fcdc,2024-10-25T06:25:57,27.93,EUR,2023-10-12T06:36:39
99cff286-4095-44ee-b03f-890202c08f79,801f0e24-37e9-4c47-910f-97f9c256fcdc,2022-01-23T16:25:46,10.25,EUR,2026-07-13T20:43:58
f5677dd9-8f1f-460c-9906-ae9b7b817ee4,837b3ed9-44bd-4be9-bdbd-8fcf93758558,2026-07-04T20:10:52,21.67,EUR,2026-09-29T07:26:00
3c667fa4-4616-4422-8cc2-9e4c084c8778,837b3ed9-44bd-4be9-bdbd-8fcf93758558,2026-06-24T18:31:02,23.5,EUR,2026-12-01T19:23:23
487b6da5-0f38-4280-84ae-d9aaae7e6794,837b3ed9-44bd-4be9-bdbd-8fcf93758558,2021-02-14T07:05:01,39.88,EUR,2026-05-17T17:27:49
de6fe3ed-90f9-4f0f-afa3-13fc946f7ee3,837b3ed9-44bd-4be9-bdbd-8fcf93758558,2026-01-25T16:49:27,9.72,EUR,2026-09-03T09:06:09
36ba9390-6ce8-44a8-83dd-cbd52423d937,837b3ed9-44bd-4be9-bdbd-8fcf93758558,2022-07-11T00:42:50,23.62,EUR,2023-12-28T12:48:28
1dd08952-e8c5-4b3b-b362-30fbd1fb0cc2,837b3ed9-44bd-4be9-bdbd-8fcf93758558,2023-05-20T10:15:29,47.42,EUR,2025-06-27T01:38:25
ccf7a9a9-cd35-434d-8c72-309638eb677b,837b3ed9-44bd-4be9-bdbd-8fcf93758558,2022-11-04T04:08:23,20.68,EUR,2025-09-12T11:04:27
d7bd764c-9111-4c5e-8bd6-57c31266bf0b,837b3ed9-44bd-4be9-bdbd-8fcf93758558,2020-04-26T06:07:09,3.18,EUR,2026-12-10T02:19:16
48c84397-80ac-4f43-b135-2ba2043d35e7,837b3ed9-44bd-4be9-bdbd-8fcf93758558,2021-06-26T23:12:34,46.16,EUR,2023-06-30T10:53:17
06e2ed80-f039-4d52-b00f-28c743894c6e,837b3ed9-44bd-4be9-bdbd-8fcf93758558,2020-08-20T07:08:30,35.73,EUR,2021-02-24T10:16:27
0c9c117b-ed98-4195-8687-572035670ae4,837b3ed9-44bd-4be9-bdbd-8fcf93758558,2022-10-25T05:09:23,18.49,EUR,2021-07-24T04:31:04
43960bed-0a4b-405f-8c41-54c0bd5a284a,837b3ed9-44bd-4be9-bdbd-8fcf93758558,2026-12-29T05:40:00,23.52,EUR,2023-01-30T02:42:06
2e1fe9f9-e050-4bab-9daf-8816b8d7e701,837b3ed9-44bd-4be9-bdbd-8fcf93758558,2023-04-17T21:33:24,8.18,EUR,2025-06-17T16:53:12
907e90fb-ba11-4aef-91e9-6fc1ec5c4fcc,837b3ed9-44bd-4be9-bdbd-8fcf93758558,2021-06-21T20:32:56,14.28,EUR,2022-02-27T16:07:48
8d08fbb6-4e20-44a2-84c0-c4654129921a,fcba9ede-f8b3-4b81-b6da-0d46948d5720,2023-07-31T06:46:30,23.77,EUR,2023-04-27T05:10:40
e3d9c532-2771-4ecf-849d-a80bd8abed59,fcba9ede-f8b3-4b81-b6da-0d46948d5720,2024-08-11T14:04:24,14.39,EUR,2022-11-12T07:48:22
1f9db3f5-9101-42cb-a10d-e37c5601034e,fcba9ede-f8b3-4b81-b6da-0d46948d5720,2021-05-14T09:22:58,14.33,EUR,2024-07-15T04:24:02
bc6a15bd-55b8-482c-ad06-96d2b218eed9,fcba9ede-f8b3-4b81-b6da-0d46948d5720,2023-08-15T10:14:32,47.51,EUR,2023-12-25T11:34:32
116534d3-f925-4449-bac6-c784ceadbb9a,fcba9ede-f8b3-4b81-b6da-0d46948d5720,2023-10-17T18:37:06,36.71,EUR,2025-12-08T18:48:58
bb9c8ccb-4f3b-448f-95e9-f2a9e2db05c6,fcba9ede-f8b3-4b81-b6da-0d46948d5720,2020-09-12T07:59:17,23.59,EUR,2022-10-29T08:47:39
b0053a72-1c8b-4403-af94-cc1c15b8e6a6,fcba9ede-f8b3-4b81-b6da-0d46948d5720,2026-06-22T11:50:55,48.45,EUR,2023-10-01T06:45:38
c77432d7-345a-4919-ad2f-aa2e465ef475,fcba9ede-f8b3-4b81-b6da-0d46948d5720,2021-03-05T03:48:55,39.84,EUR,2020-10-14T07:56:03
aaf0f0d9-df90-4e16-a24a-23905f7b74e3,fcba9ede-f8b3-4b81-b6da-0d46948d5720,2025-12-22T06:09:47,41.8,EUR,2020-12-01T05:06:54
e0495d13-258c-4007-b454-b3d6a9707971,fcba9ede-f8b3-4b81-b6da-0d46948d5720,2024-10-14T03:57:58,45.31,EUR,2025-01-27T13:08:22
97cfc883-aa88-468e-b4d4-6283cea51b5a,fcba9ede-f8b3-4b81-b6da-0d46948d5720,2021-01-09T18:29:13,42.0,EUR,2021-02-13T20:01:09
a0ef248c-47d9-4328-8737-b27ea0ff0af4,2c565b3b-9963-4858-8e3d-d744bf7332ef,2023-09-16T16:41:04,15.73,EUR,2022-05-05T19:15:24
aa7dc883-1c44-4106-a773-39fff1f1fa2c,2c565b3b-9963-4858-8e3d-d744bf7332ef,2021-09-29T04:56:56,12.08,EUR,2022-09-13T19:13:24
75c90120-9477-476a-890e-d83992a99b36,2c565b3b-9963-4858-8e3d-d744bf7332ef,2023-02-04T13:36:22,13.38,EUR,2023-06-27T13:59:23
8670d7f7-bc75-4705-a282-d14b99785bc0,2c565b3b-9963-4858-8e3d-d744bf7332ef,2026-04-25T04:00:23,15.03,EUR,2026-04-02T16:23:03
55266d29-48f1-4de3-9ea1-33af5e9b56e3,2c565b3b-9963-4858-8e3d-d744bf7332ef,2025-03-29T06:09:23,23.16,EUR,2020-12-24T13:11:42
79769019-744a-473a-904c-4c7bd0a7e71c,2c565b3b-9963-4858-8e3d-d744bf7332ef,2026-12-11T21:03:55,24.05,EUR,2025-05-06T05:26:38
072a8be2-83bb-44b7-87b8-aa4ba1558b93,2c565b3b-9963-4858-8e3d-d744bf7332ef,2021-06-10T11:11:13,46.11,EUR,2020-06-11T19:39:41
3cdd682b-36fa-41da-8e47-2c0e0fdef8f3,2c565b3b-9963-4858-8e3d-d744bf7332ef,2024-07-16T13:09:28,49.21,EUR,2021-06-30T10:50:02
c4db5f79-d595-4243-bd6d-a0369bc9e373,2c565b3b-9963-4858-8e3d-d744bf7332ef,2025-06-17T00:04:08,38.64,EUR,2020-02-21T17:18:02
a7b45c80-8369-4b59-aa22-f0e94ac3f1dc,2c565b3b-9963-4858-8e3d-d744bf7332ef,2025-05-02T11:59:58,25.94,EUR,2021-10-20T04:09:30
e01a67d1-3394-45d2-9f84-71badd3ff427,2c565b3b-9963-4858-8e3d-d744bf7332ef,2021-06-04T21:19:32,16.04,EUR,2026-12-02T07:56:04
2bcd99d3-e8f2-46df-abf4-4ed4657245a2,2c565b3b-9963-4858-8e3d-d744bf7332ef,2025-07-20T16:56:21,25.25,EUR,2025-08-30T21:59:30
97f55dc1-78d0-43b0-b24b-a91ca72bcd11,2c565b3b-9963-4858-8e3d-d744bf7332ef,2022-04-20T08:03:22,11.64,EUR,2024-06-09T15:44:25
b805d956-fb30-4f98-ae78-119c0251cf15,84c9b695-9abb-4cf9-be2d-35d54706165c,2021-07-30T19:23:43,11.58,EUR,2023-07-03T09:04:17
26b532d4-bcfc-47b8-9007-bdd329e7957f,84c9b695-9abb-4cf9-be2d-35d54706165c,2026-01-15T15:50:31,22.01,EUR,2023-04-16T10:36:46
7e3a357c-7683-4d82-9169-304df4df8cef,84c9b695-9abb-4cf9-be2d-35d54706165c,2026-05-08T08:07:32,26.81,EUR,2024-04-01T16:48:46
f0d97308-83d5-4fb1-8971-8d4723b3907e,84c9b695-9abb-4cf9-be2d-35d54706165c,2020-01-22T17:37:52,26.29,EUR,2025-11-16T22:47:03
670fe405-ae02-4697-88f6-0c9cfe1dfd66,84c9b695-9abb-4cf9-be2d-35d54706165c,2026-07-28T06:10:01,21.94,EUR,2024-05-16T09:18:46
868e25ad-9e0b-4381-b756-be1f1b5aa5f9,84c9b695-9abb-4cf9-be2d-35d54706165c,2025-11-27T02:30:53,17.77,EUR,2023-12-24T04:52:21
6a85ad25-f58c-4c1a-9ea5-4a3aef9f1548,84c9b695-9abb-4cf9-be2d-35d54706165c,2022-07-31T19:04:40,9.12,EUR,2023-12-09T10:08:58
d7e68291-a948-4b46-8db5-7dc95cc3a413,84c9b695-9abb-4cf9-be2d-35d54706165c,2023-08-07T00:57:01,37.96,EUR,2022-02-27T01:34:36
0a2b91f0-621c-418c-bd2a-d5da2bf3b021,84c9b695-9abb-4cf9-be2d-35d54706165c,2025-03-23T06:46:30,43.46,EUR,2020-07-26T21:11:30
a9e5da4c-d9b9-40fe-930e-d14b14a8de33,84c9b695-9abb-4cf9-be2d-35d54706165c,2025-10-24T15:03:12,48.07,EUR,2022-10-20T04:56:50
45512231-40c3-40c4-9be4-ace3fd77f8df,84c9b695-9abb-4cf9-be2d-35d54706165c,2021-04-10T20:21:55,45.98,EUR,2022-05-07T20:25:13
98a39299-2084-4865-a0ee-4ae1cd33fe8e,84c9b695-9abb-4cf9-be2d-35d54706165c,2020-06-11T06:45:55,31.2,EUR,2025-09-23T11:33:47
d9b098f5-9d36-413a-8fe5-b884efca1eb6,84c9b695-9abb-4cf9-be2d-35d54706165c,2024-10-23T14:17:14,47.99,EUR,2024-04-24T00:18:32
e49ed36a-2bcf-406b-b99a-35e5bf6cec38,b2938107-b2d1-4e47-980f-007ac9a2eeca,2025-01-23T14:54:38,12.85,EUR,2021-05-16T15:27:20
04ebfb47-fbdc-41b5-8744-eecd4ce642ec,b2938107-b2d1-4e47-980f-007ac9a2eeca,2023-08-03T16:57:39,27.63,EUR,2021-06-18T07:57:38
de039077-6040-4ff8-ab7f-096b6b27078b,b2938107-b2d1-4e47-980f-007ac9a2eeca,2020-09-23T13:45:09,24.13,EUR,2023-04-18T19:06:18
97b0a1cc-ae31-4c6e-92be-8fd5c7968d23,b2938107-b2d1-4e47-980f-007ac9a2eeca,2021-05-02T16:59:48,40.17,EUR,2024-08-31T04:15:15
f488b286-88b1-4a8e-87c2-aa87df08880c,b2938107-b2d1-4e47-980f-007ac9a2eeca,2022-04-25T17:53:57,33.7,EUR,2021-03-26T12:31:11
6d1e0649-0952-4f0f-80af-40de783d8a55,b2938107-b2d1-4e47-980f-007ac9a2eeca,2026-07-07T01:02:15,22.61,EUR,2023-06-10T20:31:55
02724519-ed41-454a-9a71-473631c22318,b2938107-b2d1-4e47-980f-007ac9a2eeca,2020-08-29T23:42:37,33.15,EUR,2021-05-02T23:39:22
36307c6c-a6fe-4c6c-8d7f-e2f75f71353c,b2938107-b2d1-4e47-980f-007ac9a2eeca,2020-12-19T06:03:31,14.87,EUR,2024-02-12T04:38:02
78c61cca-da57-4039-9722-74fee415d581,b2938107-b2d1-4e47-980f-007ac9a2eeca,2020-02-02T06:22:39,43.4,EUR,2020-03-23T11:58:30
fb53f1ae-fa54-413f-b758-0a4e4274f2fa,b2938107-b2d1-4e47-980f-007ac9a2eeca,2020-05-19T17:12:37,34.1,EUR,2021-09-27T13:15:51
9085111b-4309-43b6-b5e2-5e80a73f8017,b2938107-b2d1-4e47-980f-007ac9a2eeca,2020-01-09T06:03:31,25.24,EUR,2022-08-16T20:31:04
af69e41c-e4c8-408c-bf3e-0a6c3acf0e36,cb531a8a-1d50-4c04-a66f-0d6eda67b7dc,2023-03-04T01:10:29,42.16,EUR,2020-10-22T14:57:31
64594567-3f6b-4074-b1b2-cb8b2aa1b249,cb531a8a-1d50-4c04-a66f-0d6eda67b7dc,2026-02-13T03:10:52,34.55,EUR,2025-10-01T18:15:15
f2237e20-db0e-4846-bc64-0c4dd69c9cae,cb531a8a-1d50-4c04-a66f-0d6eda67b7dc,2021-06-24T07:17:59,18.65,EUR,2021-07-17T21:09:48
7ddecaa5-e2e4-4aac-8dc8-62f0c92a3d0e,cb531a8a-1d50-4c04-a66f-0d6eda67b7dc,2022-04-21T21:42:05,37.39,EUR,2025-08-07T16:07:59
a147c44d-1d9d-4283-ad70-19274294c41e,cb531a8a-1d50-4c04-a66f-0d6eda67b7dc,2024-05-09T05:51:07,36.44,EUR,2021-10-17T15:26:23
79e041bc-d854-422c-850c-d7900073281e,cb531a8a-1d50-4c04-a66f-0d6eda67b7dc,2024-11-03T10:28:53,1.08,EUR,2024-10-03T04:04:44
b4c65604-0580-45d0-8d68-d2e32d00a4e7,cb531a8a-1d50-4c04-a66f-0d6eda67b7dc,2022-11-08T03:26:13,43.25,EUR,2020-08-13T21:08:04
6b49d9bc-1791-4292-94ca-d94dde8fb869,cb531a8a-1d50-4c04-a66f-0d6eda67b7dc,2023-03-08T05:05:58,1.14,EUR,2021-05-07T03:54:16
4faefb8b-5da3-41e6-a016-7161781814df,cb531a8a-1d50-4c04-a66f-0d6eda67b7dc,2020-10-10T01:47:24,47.92,EUR,2023-08-10T10:32:11
b2fc051f-e76e-45c5-b1e8-7848542f8058,cb531a8a-1d50-4c04-a66f-0d6eda67b7dc,2020-01-27T00:43:36,12.74,EUR,2020-09-20T22:08:50
80d5123d-a77f-479d-9bc4-21783c82c779,cb531a8a-1d50-4c04-a66f-0d6eda67b7dc,2023-01-12T08:22:07,18.77,EUR,2026-09-09T09:52:26
d38feb37-6df6-48b5-8a83-a6a243394824,cb531a8a-1d50-4c04-a66f-0d6eda67b7dc,2023-09-24T07:50:29,0.12,EUR,2021-09-15T06:47:32
6b826aca-cc7e-4b23-9b05-da80112cdccb,cb531a8a-1d50-4c04-a66f-0d6eda67b7dc,2025-04-13T19:51:33,41.1,EUR,2022-01-19T20:14:10
e137f5dd-82a2-449f-81c0-64946ac76a85,cb531a8a-1d50-4c04-a66f-0d6eda67b7dc,2022-09-25T22:24:28,21.97,EUR,2020-04-10T19:35:36
8c074495-7ed3-45ed-a1bf-67e8a643cbc8,cb531a8a-1d50-4c04-a66f-0d6eda67b7dc,2024-02-27T06:55:19,49.3,EUR,2023-12-21T22:49:04
233e6efb-b79f-48e0-ad26-028b977a9dd6,8b15032e-7122-4b17-a0e3-24a4346c4457,2021-04-29T01:45:50,6.84,EUR,2026-05-29T12:30:17
9fc7490c-4397-4e39-9148-e27b36a94c9d,8b15032e-7122-4b17-a0e3-24a4346c4457,2024-09-09T22:38:30,21.95,EUR,2020-04-13T06:18:36
3bf37a4e-73e0-41de-94c6-fa5ac6bd9bcc,8b15032e-7122-4b17-a0e3-24a4346c4457,2022-03-07T03:27:51,11.64,EUR,2026-08-29T06:44:53
a8a6bee9-49ef-444e-bbbe-021423888dcf,8b15032e-7122-4b17-a0e3-24a4346c4457,2023-05-29T17:15:23,18.16,EUR,2023-07-01T18:01:34
64c0751f-72f3-4fe6-865b-a82a520eb65b,8b15032e-7122-4b17-a0e3-24a4346c4457,2023-10-31T14:19:56,24.38,EUR,2025-07-04T14:06:20
38d24f76-0127-405e-96dd-9a7a6d70db2a,8b15032e-7122-4b17-a0e3-24a4346c4457,2023-10-01T13:18:33,28.76,EUR,2024-03-21T08:15:09
0a9d90d6-0d72-4b77-8aad-1a8a379da9e9,8b15032e-7122-4b17-a0e3-24a4346c4457,2021-09-10T22:16:49,19.61,EUR,2024-05-01T07:06:51
ad6f2c47-0a5b-4e82-93d6-1ded39821295,8b15032e-7122-4b17-a0e3-24a4346c4457,2025-12-27T20:06:20,46.02,EUR,2026-09-04T19:26:00
26f6be9e-172b-4584-ac32-91de29ab7a24,8b15032e-7122-4b17-a0e3-24a4346c4457,2026-07-30T19:12:45,48.69,EUR,2021-10-15T12:12:16
27f6858a-8fc0-4c6f-b450-4a47cab2f400,8b15032e-7122-4b17-a0e3-24a4346c4457,2022-03-14T01:38:09,21.53,EUR,2020-03-20T09:32:08
67fb604d-c790-4575-afc8-c8cd655c1593,2df05163-0f95-4884-b44c-135d01ba51d2,2026-05-19T14:49:11,41.95,EUR,2021-02-22T17:49:49
a28aaad5-201d-4756-83e7-fd09f0d24765,2df05163-0f95-4884-b44c-135d01ba51d2,2025-09-20T11:41:55,26.71,EUR,2020-06-01T14:15:50
84a19991-3070-4fee-9a1f-e0caff721ce1,2df05163-0f95-4884-b44c-135d01ba51d2,2023-03-30T07:05:36,1.02,EUR,2026-02-26T11:40:28
f8302671-856f-44af-8e75-a2c736da6624,2df05163-0f95-4884-b44c-135d01ba51d2,2022-05-19T08:25:39,48.44,EUR,2025-10-13T22:27:45
b7fd3f30-1b9d-453a-9ef0-e784a46f5afa,2df05163-0f95-4884-b44c-135d01ba51d2,2025-03-04T10:43:35,40.79,EUR,2025-04-24T01:05:21
42c1b08e-1200-49c3-bc22-d0cadc421554,2df05163-0f95-4884-b44c-135d01ba51d2,2023-03-20T04:56:42,6.66,EUR,2025-07-12T01:39:58
83fcd1c2-72b6-49af-9e6f-7ff5380622a5,2df05163-0f95-4884-b44c-135d01ba51d2,2024-02-15T11:30:29,43.86,EUR,2021-10-03T01:56:54
c04d1dd4-1058-45d7-a694-f95c9c6cbc7c,2df05163-0f95-4884-b44c-135d01ba51d2,2020-07-11T23:20:44,11.72,EUR,2026-02-26T16:46:49
bef04b43-829f-4f03-b167-88b2497d935f,2df05163-0f95-4884-b44c-135d01ba51d2,2026-09-06T01:35:36,21.61,EUR,2022-06-22T10:58:45
cb70383a-647b-420d-826f-d4784dc3a06c,2df05163-0f95-4884-b44c-135d01ba51d2,2022-10-04T17:11:02,5.12,EUR,2025-04-04T15:26:28
86273b5e-29ee-440a-924b-544232a27fce,2df05163-0f95-4884-b44c-135d01ba51d2,2020-11-20T05:55:50,28.58,EUR,2022-10-30T23:04:57
b3611b77-105b-4742-be53-4bc27fe5c875,2df05163-0f95-4884-b44c-135d01ba51d2,2020-10-11T11:14:40,0.1,EUR,2026-11-26T03:09:44
e042a416-091e-4ccb-a2f8-b379dfc21fec,2df05163-0f95-4884-b44c-135d01ba51d2,2025-07-15T23:03:51,22.23,EUR,2024-04-28T12:11:03
fe209505-393c-4f76-a7a7-6718dbce3760,3cbfa7a4-a64f-4c3b-927e-9f4c4350fbfe,2026-08-12T00:06:47,23.57,EUR,2020-05-30T12:12:31
562eedac-f995-4ab8-acc8-69442f4f9127,3cbfa7a4-a64f-4c3b-927e-9f4c4350fbfe,2025-11-20T02:44:51,47.67,EUR,2026-02-12T13:33:51
88f130d7-ead7-4998-bc0a-171215067fd4,3cbfa7a4-a64f-4c3b-927e-9f4c4350fbfe,2026-08-04T07:34:13,29.21,EUR,2023-11-08T08:12:17
d028846a-52b7-4542-93d4-022b0aa83805,3cbfa7a4-a64f-4c3b-927e-9f4c4350fbfe,2023-09-26T15:44:44,3.89,EUR,2026-04-07T09:03:51
14f9af1a-c1cc-46ef-8650-bd4ffcc9dafe,3cbfa7a4-a64f-4c3b-927e-9f4c4350fbfe,2022-06-12T16:16:48,3.11,EUR,2024-02-16T17:56:33
82a318e6-fd78-4bdc-80c9-87e4fee92bbc,3cbfa7a4-a64f-4c3b-927e-9f4c4350fbfe,2025-03-15T00:16:55,30.67,EUR,2021-01-14T18:12:51
fe8cd16b-922e-46cb-b154-c62d9e3826f7,3cbfa7a4-a64f-4c3b-927e-9f4c4350fbfe,2021-04-11T17:41:29,10.96,EUR,2022-08-12T23:12:20
5d086691-f87d-49a5-8b69-881389f346af,3cbfa7a4-a64f-4c3b-927e-9f4c4350fbfe,2021-02-21T18:58:21,2.59,EUR,2024-08-23T04:12:53
da86c230-6357-4cd6-8819-50e07c8ae770,3cbfa7a4-a64f-4c3b-927e-9f4c4350fbfe,2022-10-06T09:17:01,33.75,EUR,2026-05-09T23:47:46
d1f8955a-d264-4b10-9cab-a62a12851e1f,3cbfa7a4-a64f-4c3b-927e-9f4c4350fbfe,2022-09-27T17:46:39,27.2,EUR,2022-09-22T06:13:28
07b2be80-568a-4323-a7f2-3927e3061a4e,3cbfa7a4-a64f-4c3b-927e-9f4c4350fbfe,2025-11-05T15:13:42,32.91,EUR,2023-08-30T23:33:03
59ed90fc-1de5-41d6-ae8e-f3f094801ea4,3cbfa7a4-a64f-4c3b-927e-9f4c4350fbfe,2023-08-29T17:10:39,31.45,EUR,2026-07-27T16:38:44
dd981ff0-3415-4797-9fe8-a63b3a646ed5,79f7da07-c57d-43d7-b3bb-9c617f81ff57,2024-10-26T00:58:17,29.61,EUR,2026-07-29T03:47:31
1f123153-65a7-48b3-9d7f-3472795616df,79f7da07-c57d-43d7-b3bb-9c617f81ff57,2026-09-02T18:29:01,39.3,EUR,2025-02-07T18:57:54
e8031543-7f03-41cb-bfc9-52d9d9ebed6d,79f7da07-c57d-43d7-b3bb-9c617f81ff57,2025-01-08T06:06:01,25.21,EUR,2021-12-10T15:47:04
c11146b5-86b0-4052-835c-d71609a8a847,79f7da07-c57d-43d7-b3bb-9c617f81ff57,2022-07-23T13:10:52,43.27,EUR,2023-07-24T11:31:33
4cbd7059-4158-4ace-8b9e-aec877d3efec,79f7da07-c57d-43d7-b3bb-9c617f81ff57,2023-03-02T02:36:00,12.46,EUR,2021-06-09T04:04:07
18986fac-97a3-4073-9d67-0a0564bb1d23,79f7da07-c57d-43d7-b3bb-9c617f81ff57,2022-06-21T22:32:32,21.33,EUR,2020-10-05T17:25:27
92dd01de-72c1-4aeb-bc61-c3936887028b,79f7da07-c57d-43d7-b3bb-9c617f81ff57,2020-05-03T15:00:39,39.74,EUR,2020-11-22T22:48:37
063f6e34-131a-4479-96bd-e090371978e9,79f7da07-c57d-43d7-b3bb-9c617f81ff57,2023-08-11T15:10:49,12.64,EUR,2024-08-10T17:21:47
cb2c1f3c-be09-4aaf-8518-88dfa4bb25cf,79f7da07-c57d-43d7-b3bb-9c617f81ff57,2025-09-10T21:40:16,17.52,EUR,2022-05-04T23:24:36
e2cf71ee-fded-4804-9941-38d9fc470438,79f7da07-c57d-43d7-b3bb-9c617f81ff57,2025-09-14T21:04:40,1.94,EUR,2023-12-01T06:46:55
06f950d0-6ab7-4628-9ddc-9bf0e13acf60,79f7da07-c57d-43d7-b3bb-9c617f81ff57,2023-06-20T00:23:14,14.7,EUR,2023-03-17T18:11:57
c8a7dbc0-268c-4dbd-ad7e-7ccf16b28fc4,79f7da07-c57d-43d7-b3bb-9c617f81ff57,2022-05-18T01:43:34,3.3,EUR,2020-07-24T15:46:39
a4db3a03-6f32-4e9a-8986-a9b24d316225,79f7da07-c57d-43d7-b3bb-9c617f81ff57,2026-07-16T07:17:22,20.31,EUR,2020-10-19T07:37:42
776e0fcb-e738-4332-b792-0fe9f53faa1d,79f7da07-c57d-43d7-b3bb-9c617f81ff57,2020-04-18T15:42:10,19.41,EUR,2023-05-15T21:53:20
8b5d5ffe-5175-4123-a1a6-5a3c879aa4e3,79f7da07-c57d-43d7-b3bb-9c617f81ff57,2022-10-17T23:14:39,18.77,EUR,2023-07-22T23:36:37
0923241e-7276-472b-a4af-7f924647f9d7,79f7da07-c57d-43d7-b3bb-9c617f81ff57,2026-05-03T02:28:55,27.51,EUR,2020-04-30T20:45:57
9a4661d5-f2f0-492e-af53-e5a41fa4c7eb,79f7da07-c57d-43d7-b3bb-9c617f81ff57,2022-01-16T15:06:20,9.3,EUR,2021-07-23T14:15:30
1fdcbe12-6e96-48e5-923a-3d8b8326daec,79f7da07-c57d-43d7-b3bb-9c617f81ff57,2021-10-22T23:08:58,20.68,EUR,2025-12-02T13:07:59
7121ff3e-09d8-4f11-a655-3ea5cf32338b,a1e28bf1-b530-4c61-8e16-985b43e1e9f7,2021-03-27T00:43:29,15.25,EUR,2023-12-08T10:59:02
1060e73d-87e3-4f6e-ab21-b26a3322355b,a1e28bf1-b530-4c61-8e16-985b43e1e9f7,2024-07-20T11:48:52,11.83,EUR,2022-01-05T20:55:00
0989abbf-4b72-4d1d-8345-b5f36284f5df,a1e28bf1-b530-4c61-8e16-985b43e1e9f7,2020-04-14T13:34:47,20.26,EUR,2023-11-22T20:10:12
b4992bda-fecc-42c5-92aa-8fcecd420af4,a1e28bf1-b530-4c61-8e16-985b43e1e9f7,2021-10-02T01:19:08,41.68,EUR,2023-03-29T05:09:56
369e3edc-3b1b-46c7-b39c-bab1bafae129,a1e28bf1-b530-4c61-8e16-985b43e1e9f7,2023-02-14T14:57:52,0.48,EUR,2021-10-03T16:18:32
b5015826-ff22-47f6-8889-ba31a0373e7f,a1e28bf1-b530-4c61-8e16-985b43e1e9f7,2023-07-19T01:04:12,20.17,EUR,2021-07-18T09:21:01
bed05360-82f1-41d8-a9c0-3ff9a7a238e4,a1e28bf1-b530-4c61-8e16-985b43e1e9f7,2026-04-15T19:15:09,36.11,EUR,2020-03-31T16:20:57
09e69651-4ddd-4eb6-98b0-4c0313737252,a1e28bf1-b530-4c61-8e16-985b43e1e9f7,2026-03-03T21:52:56,22.14,EUR,2021-08-16T02:56:36
02ca2ecc-2610-48eb-b24a-54bb99d96f7e,a1e28bf1-b530-4c61-8e16-985b43e1e9f7,2022-07-15T05:24:38,14.88,EUR,2024-03-16T09:14:06
829f7538-38fb-4b45-9cd3-7927ba55b9b6,a1e28bf1-b530-4c61-8e16-985b43e1e9f7,2020-03-21T04:37:07,36.94,EUR,2021-07-05T00:36:31
f54324d4-13c5-4832-ad64-65ce40556afe,a1e28bf1-b530-4c61-8e16-985b43e1e9f7,2024-11-19T20:21:58,25.98,EUR,2024-01-10T15:07:41
41e013b4-2da4-4bc1-b400-83b0a6685102,58cd3388-572d-424c-9b24-518e4dda55ed,2020-09-06T03:29:30,17.41,EUR,2025-01-23T11:02:14
976f96ff-6857-469b-a687-acb38a84b697,58cd3388-572d-424c-9b24-518e4dda55ed,2020-11-07T13:56:40,40.25,EUR,2025-10-10T03:22:29
d6a76abe-7859-47ff-a2a7-80b036314d8c,58cd3388-572d-424c-9b24-518e4dda55ed,2022-02-22T13:27:19,36.32,EUR,2026-10-30T23:26:35
5e6c4ccb-0b9d-48f1-b67f-70a84a8b956d,58cd3388-572d-424c-9b24-518e4dda55ed,2020-01-28T03:11:01,0.95,EUR,2026-05-08T00:55:33
85789095-8de6-4196-a8ad-003566464644,58cd3388-572d-424c-9b24-518e4dda55ed,2021-05-14T22:38:29,36.46,EUR,2023-06-12T14:25:21
8791d857-16af-4c49-b301-0bb52cf6ce2a,58cd3388-572d-424c-9b24-518e4dda55ed,2026-12-24T10:18:55,47.61,EUR,2020-06-03T17:34:35
23e31017-4547-48f4-934d-63749164c83c,58cd3388-572d-424c-9b24-518e4dda55ed,2025-08-12T10:56:00,9.86,EUR,2025-07-02T05:04:58
00dc616a-6e0b-47c9-aa59-b99d4f2f8ba9,58cd3388-572d-424c-9b24-518e4dda55ed,2026-06-06T06:01:19,43.15,EUR,2026-03-24T00:33:41
9113817c-5e30-4af8-81c7-7b6d86dccc84,58cd3388-572d-424c-9b24-518e4dda55ed,2023-05-07T17:08:37,38.51,EUR,2020-03-11T22:45:18
e4923728-cebe-4e67-949e-8ab34d50ad26,58cd3388-572d-424c-9b24-518e4dda55ed,2024-09-15T05:03:51,39.08,EUR,2025-08-07T07:54:35
2d3214a8-d758-4549-97dd-7dc523d13218,58cd3388-572d-424c-9b24-518e4dda55ed,2023-06-02T07:08:10,4.99,EUR,2024-05-21T07:50:18
a0332851-a685-422d-8458-14dbc1e6fd18,58cd3388-572d-424c-9b24-518e4dda55ed,2022-03-26T19:56:45,24.31,EUR,2025-08-25T04:40:22
ca1e560c-501c-44b3-98dc-f24389595d0c,58cd3388-572d-424c-9b24-518e4dda55ed,2021-06-09T07:32:06,17.15,EUR,2023-02-27T15:19:58
771fc2b4-c271-47dc-b834-5c5906837120,58cd3388-572d-424c-9b24-518e4dda55ed,2022-05-08T22:10:50,32.23,EUR,2026-09-21T11:20:51
d75b59c8-6e9e-4027-90e5-b213d5a9ee1e,00ad31b4-b2e7-4345-a17a-c6c852e9eeec,2021-04-14T00:48:53,26.21,EUR,2021-03-23T00:51:51
6c4f0135-5310-46cb-a96a-ad641a00be37,00ad31b4-b2e7-4345-a17a-c6c852e9eeec,2024-04-29T18:58:42,34.56,EUR,2025-04-25T21:41:29
c870df5e-1fc9-44d2-be06-14e88740791b,00ad31b4-b2e7-4345-a17a-c6c852e9eeec,2023-10-13T06:57:08,12.11,EUR,2024-05-28T06:42:40
c7549bd0-bbf6-43e3-b6b6-021039d4e184,00ad31b4-b2e7-4345-a17a-c6c852e9eeec,2025-06-06T15:13:59,20.16,EUR,2023-04-25T04:07:28
058dd6d3-0cd6-4d8d-8499-22e7d6bc5c12,00ad31b4-b2e7-4345-a17a-c6c852e9eeec,2026-02-16T10:45:55,42.73,EUR,2025-04-14T05:54:10
5d39295b-7f84-4fb0-a901-a6191db2b698,00ad31b4-b2e7-4345-a17a-c6c852e9eeec,2025-10-09T23:42:01,40.67,EUR,2022-12-29T22:44:14
a1a84057-3f61-4cac-ac4c-a9aa1a372f5a,00ad31b4-b2e7-4345-a17a-c6c852e9eeec,2024-06-10T19:05:28,48.29,EUR,2023-04-22T05:47:13
4bb8482a-c332-4de8-8a13-5c7b25175c9a,00ad31b4-b2e7-4345-a17a-c6c852e9eeec,2026-03-20T01:48:41,26.76,EUR,2026-10-04T02:37:05
89ee2237-2f3f-4a6f-b402-7847e396411f,00ad31b4-b2e7-4345-a17a-c6c852e9eeec,2025-11-10T01:36:56,26.95,EUR,2025-04-27T09:20:21
c2dc42a1-111b-4255-aaad-2eb9b28b023f,00ad31b4-b2e7-4345-a17a-c6c852e9eeec,2021-06-20T22:28:49,16.0,EUR,2022-03-25T15:55:00
cf77a9ff-34c7-4b76-8ca4-7e8705e5d6e7,00ad31b4-b2e7-4345-a17a-c6c852e9eeec,2020-04-08T08:59:07,45.84,EUR,2021-12-10T23:12:14
c730099d-9ef4-435d-82e4-231ce6e465ac,81b7c8b5-76ef-4d80-8ee9-81110698aa3b,2020-04-03T07:57:35,4.29,EUR,2025-07-28T03:30:52
678cad53-7bdd-48a6-bf38-448e81a003b4,81b7c8b5-76ef-4d80-8ee9-81110698aa3b,2023-01-01T15:18:38,44.13,EUR,2020-04-01T15:39:11
a02fb0bd-f89b-4f65-899d-7251be0f7a4d,81b7c8b5-76ef-4d80-8ee9-81110698aa3b,2022-09-25T04:33:23,10.14,EUR,2025-06-03T07:25:09
f824e473-5cd2-4a81-be32-43e58ace8504,81b7c8b5-76ef-4d80-8ee9-81110698aa3b,2022-03-25T00:44:21,37.98,EUR,2024-07-01T04:59:59
45e0c066-3760-47c1-8fab-bac48663a819,81b7c8b5-76ef-4d80-8ee9-81110698aa3b,2020-07-24T22:54:29,8.33,EUR,2024-07-22T19:15:07
5ab4e474-89c1-4389-9e4c-5170c16d46b4,81b7c8b5-76ef-4d80-8ee9-81110698aa3b,2025-12-23T22:23:51,25.04,EUR,2023-10-22T05:45:41
274b38f3-f9c1-4071-ae62-47955b219d0a,81b7c8b5-76ef-4d80-8ee9-81110698aa3b,2021-02-18T16:27:09,18.47,EUR,2026-09-29T11:59:24
70f6841d-eaa1-4836-9081-8948f6c503bb,81b7c8b5-76ef-4d80-8ee9-81110698aa3b,2022-05-25T18:16:43,26.87,EUR,2023-02-28T05:08:16
890e36e9-ae73-4454-b123-33bbea7646bf,81b7c8b5-76ef-4d80-8ee9-81110698aa3b,2022-04-14T23:18:37,2.87,EUR,2022-04-02T08:09:24
1c95f9f8-7080-4679-a5fb-b8b9f2b8e6ef,81b7c8b5-76ef-4d80-8ee9-81110698aa3b,2026-07-23T05:26:14,43.83,EUR,2023-06-11T08:19:35
1e164ee2-f04e-4bc1-878f-57f47e959ce3,81b7c8b5-76ef-4d80-8ee9-81110698aa3b,2022-05-11T00:16:07,45.35,EUR,2024-02-26T09:21:41
30c23a20-614d-4012-966d-0aa654e71856,55af8c5b-c42b-429b-a553-a8e26bfc6e0a,2022-10-11T14:35:57,48.41,EUR,2021-05-05T05:00:53
f0f69d2e-506c-4c03-8236-7df87f82bb8f,55af8c5b-c42b-429b-a553-a8e26bfc6e0a,2022-12-04T11:39:31,24.85,EUR,2024-08-06T15:54:46
fdd91faa-9dd7-4d13-8cc3-e23e516cbb6c,55af8c5b-c42b-429b-a553-a8e26bfc6e0a,2022-10-31T01:16:39,17.43,EUR,2020-05-04T12:50:59
fc6aec92-efd9-49ce-9574-5b6bcbd6d94e,55af8c5b-c42b-429b-a553-a8e26bfc6e0a,2026-09-16T05:22:53,4.25,EUR,2026-10-09T21:59:07
a901b98e-10a2-4cfb-803d-d6ec44edd80d,55af8c5b-c42b-429b-a553-a8e26bfc6e0a,2020-12-21T11:42:23,21.44,EUR,2021-12-27T19:55:09
72d1a9a2-efd5-44c5-984d-942a4ea1c666,55af8c5b-c42b-429b-a553-a8e26bfc6e0a,2025-02-07T21:35:07,31.51,EUR,2024-07-17T04:16:43
f600f576-a3fb-4adb-8e87-17b8869fc00a,55af8c5b-c42b-429b-a553-a8e26bfc6e0a,2026-02-26T00:49:45,13.31,EUR,2025-05-25T15:58:38
9fec9408-9250-40d6-b05f-45c62d73efd0,55af8c5b-c42b-429b-a553-a8e26bfc6e0a,2022-06-15T06:35:15,29.15,EUR,2020-08-08T04:40:29
ca6b4d2a-53a5-47c8-b2b7-5019ef696376,55af8c5b-c42b-429b-a553-a8e26bfc6e0a,2026-04-14T12:42:10,33.77,EUR,2024-04-27T06:54:43
ed39c444-34fd-4915-9d28-d3d01d9016b4,55af8c5b-c42b-429b-a553-a8e26bfc6e0a,2021-03-19T08:58:05,11.43,EUR,2020-05-19T06:44:53
9aae211a-aad3-4ad4-b7d1-a29f19124d33,55af8c5b-c42b-429b-a553-a8e26bfc6e0a,2026-10-16T14:33:54,15.67,EUR,2023-05-12T02:11:01
d754456e-b6b5-471a-95cf-d3368cc26667,b97e39f4-ac93-4c99-8150-b877716ef365,2021-08-01T02:10:16,1.04,EUR,2025-05-14T13:46:26
6caace18-ccc5-4d2c-aa99-376475f34dcb,b97e39f4-ac93-4c99-8150-b877716ef365,2025-05-27T16:24:44,39.39,EUR,2026-11-19T17:24:48
5d7c123c-6f04-4243-b85c-745bce201136,b97e39f4-ac93-4c99-8150-b877716ef365,2024-04-10T09:22:12,12.17,EUR,2022-03-27T14:14:13
e1209263-daeb-4097-a572-3b06670f5fa7,b97e39f4-ac93-4c99-8150-b877716ef365,2021-05-18T01:51:28,41.14,EUR,2023-05-20T14:25:01
289fbb21-165e-4901-926e-01ad0466e40b,b97e39f4-ac93-4c99-8150-b877716ef365,2022-03-01T02:02:30,22.18,EUR,2022-02-19T20:23:15
c251d870-2851-4ada-80ec-3c908eb3bcb1,b97e39f4-ac93-4c99-8150-b877716ef365,2022-08-23T18:26:16,3.96,EUR,2023-06-18T02:10:30
fe4e8931-43f9-4c95-beb9-b6ab5e70f6a8,b97e39f4-ac93-4c99-8150-b877716ef365,2024-02-21T15:52:53,28.44,EUR,2026-03-11T00:11:29
8bef8a87-9fd1-4b01-8d48-1958de960a76,b97e39f4-ac93-4c99-8150-b877716ef365,2021-07-26T01:39:38,42.33,EUR,2022-03-18T10:10:57
942aaa9f-8618-4fbc-a9d7-b53a621ef406,b97e39f4-ac93-4c99-8150-b877716ef365,2024-02-01T02:09:00,47.72,EUR,2025-12-12T14:53:22
46301c25-3017-4d8c-807d-5923ae253a18,b97e39f4-ac93-4c99-8150-b877716ef365,2023-10-27T09:59:47,20.01,EUR,2020-08-18T00:18:30
5f300e56-96df-4ebf-bb46-59b8f216990e,b97e39f4-ac93-4c99-8150-b877716ef365,2023-12-20T21:35:29,2.17,EUR,2021-02-10T04:50:47
93d382df-bca3-4382-b876-d26b3f670df5,b97e39f4-ac93-4c99-8150-b877716ef365,2025-10-26T00:35:29,1.63,EUR,2023-01-28T03:59:56
fff8e64e-5793-49c8-a53f-08960df18c4b,a5f6b74c-6ae8-41a9-90ab-dd2054974b22,2020-04-28T23:23:31,28.97,EUR,2022-10-15T05:42:46
16f37c98-7e02-478d-9c22-3252b6559b5d,a5f6b74c-6ae8-41a9-90ab-dd2054974b22,2020-09-15T17:12:36,16.13,EUR,2024-08-28T22:34:56
2bf97bcc-4164-4ec2-ba2e-b420c775f83c,a5f6b74c-6ae8-41a9-90ab-dd2054974b22,2023-11-11T06:33:38,11.6,EUR,2023-09-02T12:08:44
880569b8-827f-40c1-a70c-6950367c6c01,a5f6b74c-6ae8-41a9-90ab-dd2054974b22,2022-12-31T03:38:22,4.14,EUR,2026-03-23T12:15:06
ad71e6f4-1368-4754-bae3-bd74010e1706,a5f6b74c-6ae8-41a9-90ab-dd2054974b22,2026-02-05T20:37:59,8.98,EUR,2025-10-24T12:39:49
1db8bf63-f68d-4f92-bffe-0696a90ebc09,a5f6b74c-6ae8-41a9-90ab-dd2054974b22,2026-04-09T20:23:26,25.63,EUR,2026-05-18T12:56:44
21ce237b-5c9a-47b4-9b27-61f3d533b61a,a5f6b74c-6ae8-41a9-90ab-dd2054974b22,2025-02-03T22:12:29,34.41,EUR,2026-11-15T11:24:34
f592cdb8-a165-4eab-a578-995482b8ffaa,a5f6b74c-6ae8-41a9-90ab-dd2054974b22,2025-11-02T01:46:33,16.12,EUR,2026-09-15T21:26:27
b0261016-e1e5-4170-b06f-052c866095f8,a5f6b74c-6ae8-41a9-90ab-dd2054974b22,2023-11-29T04:07:59,19.04,EUR,2022-06-13T22:40:40
09c049d7-a3d5-4ece-83fc-122a6c2e0d8c,a5f6b74c-6ae8-41a9-90ab-dd2054974b22,2023-05-30T16:30:35,49.53,EUR,2024-03-30T23:17:55
5e8b0a25-2227-4a7d-9c3e-96c3145d9664,7dac5b0f-04db-4c61-89f7-13bedc08549b,2025-04-14T23:41:39,8.39,EUR,2024-07-10T03:06:39
92237df9-bf62-42c6-965d-e57327e9b613,7dac5b0f-04db-4c61-89f7-13bedc08549b,2026-01-15T22:03:38,39.81,EUR,2024-11-25T22:03:50
b4a00046-4855-46fc-b8d8-fb3c573849f0,7dac5b0f-04db-4c61-89f7-13bedc08549b,2024-03-21T20:36:39,11.88,EUR,2022-01-10T07:08:47
11c54b03-9877-4512-b067-e32e1e329da5,7dac5b0f-04db-4c61-89f7-13bedc08549b,2022-03-05T13:31:44,46.13,EUR,2024-06-25T22:21:43
1d698cc1-daca-4589-983a-94a3848bb62e,7dac5b0f-04db-4c61-89f7-13bedc08549b,2022-11-12T23:03:05,37.56,EUR,2025-05-06T06:07:04
efd7076c-0ac6-4e4e-942d-e3037e00c931,7dac5b0f-04db-4c61-89f7-13bedc08549b,2021-01-02T05:01:54,36.61,EUR,2025-03-16T05:11:07
f966f56f-5d0e-4139-bd0e-24598617a89d,7dac5b0f-04db-4c61-89f7-13bedc08549b,2024-06-03T07:04:31,14.77,EUR,2021-01-26T19:38:54
4cc5ccbd-c37a-4456-8bcb-979ad23ef4ab,7dac5b0f-04db-4c61-89f7-13bedc08549b,2022-07-01T17:36:08,33.01,EUR,2022-09-20T07:17:58
8c6009bb-a84f-4884-a91b-6f5b4422601c,7dac5b0f-04db-4c61-89f7-13bedc08549b,2020-03-05T19:45:21,26.95,EUR,2022-09-28T10:18:27
e9054d5f-735c-4665-8cc4-ae3ad350b7b6,d1eb469b-7210-4d2c-9002-e5f0dc732411,2021-08-29T16:56:01,0.46,EUR,2022-06-30T20:30:03
0d2397da-83f9-4278-8942-bb8d90355392,d1eb469b-7210-4d2c-9002-e5f0dc732411,2024-08-06T00:39:51,48.9,EUR,2022-03-11T02:18:04
e701dde3-c25f-4948-91c2-407e95592bf5,d1eb469b-7210-4d2c-9002-e5f0dc732411,2025-02-20T21:15:44,43.19,EUR,2024-05-14T03:10:14
86e74232-95f6-49c5-a409-038d9a41620f,d1eb469b-7210-4d2c-9002-e5f0dc732411,2026-08-08T06:12:35,4.55,EUR,2026-08-17T08:21:40
40fb78ac-7e10-4507-9322-4b0d83abbb0a,d1eb469b-7210-4d2c-9002-e5f0dc732411,2023-02-19T21:41:57,29.16,EUR,2024-12-14T11:52:05
6dc19f4e-62fe-4047-834b-94ae71956e8e,d1eb469b-7210-4d2c-9002-e5f0dc732411,2023-10-10T05:15:49,26.5,EUR,2023-10-30T17:36:28
df0290f3-ccea-44df-bb8a-9c765a9348a2,d1eb469b-7210-4d2c-9002-e5f0dc732411,2021-09-10T11:01:50,38.66,EUR,2024-04-15T14:45:04
fc795234-435d-4bda-a850-a014a1f29626,d1eb469b-7210-4d2c-9002-e5f0dc732411,2022-07-09T04:08:55,34.1,EUR,2022-06-20T14:52:59
27394a0a-a599-4e10-b9b7-74c851065e55,d1eb469b-7210-4d2c-9002-e5f0dc732411,2020-03-06T18:01:56,11.91,EUR,2022-09-09T09:59:25
8dc5eaa2-7e7f-4cda-988e-d8357080f2d4,d1eb469b-7210-4d2c-9002-e5f0dc732411,2023-07-03T09:58:14,30.18,EUR,2020-12-08T10:43:54
d372228e-94b7-4f1f-8462-19179f492d2b,d1eb469b-7210-4d2c-9002-e5f0dc732411,2022-07-18T07:36:57,16.77,EUR,2022-07-08T06:44:08
7b1933fe-9afa-4d49-b576-fa4294ef1657,7db2d76a-a4c4-41f3-8bfe-a16c86ac2655,2023-06-28T15:08:26,24.25,EUR,2022-05-17T09:54:02
78c34e2f-fd2f-46ec-9af5-dbfa44ed3302,7db2d76a-a4c4-41f3-8bfe-a16c86ac2655,2024-11-13T17:34:58,35.85,EUR,2025-07-25T04:30:49
028a9dd1-695c-470c-9e21-98883800bcb8,7db2d76a-a4c4-41f3-8bfe-a16c86ac2655,2023-10-18T20:12:35,20.88,EUR,2026-02-28T19:44:31
e0f2a67e-3cf5-400d-8000-a0aba6bb4a8b,7db2d76a-a4c4-41f3-8bfe-a16c86ac2655,2020-08-14T14:13:52,36.43,EUR,2021-05-27T03:34:57
4987161a-de02-45e2-9f54-4fa1e3a933c9,7db2d76a-a4c4-41f3-8bfe-a16c86ac2655,2020-03-07T23:48:32,30.68,EUR,2022-04-16T03:25:58
0e85060a-2225-40f1-b8ae-b08f58fa841d,7db2d76a-a4c4-41f3-8bfe-a16c86ac2655,2026-10-14T16:08:56,43.87,EUR,2022-03-27T23:31:36
a38ecdcf-1f91-46d6-ad09-7577fecd3282,7db2d76a-a4c4-41f3-8bfe-a16c86ac2655,2026-08-23T23:23:15,48.45,EUR,2023-05-19T04:43:40
706f696d-6305-45fd-8b50-93479811f151,7db2d76a-a4c4-41f3-8bfe-a16c86ac2655,2020-04-29T10:26:25,25.13,EUR,2025-02-12T07:58:22
17543772-2bc3-4cac-a9c9-98dba810756b,7db2d76a-a4c4-41f3-8bfe-a16c86ac2655,2021-12-04T12:28:20,48.06,EUR,2023-12-15T05:39:57
83090b9f-34f1-4174-ac1e-075cfaa2b4e1,7db2d76a-a4c4-41f3-8bfe-a16c86ac2655,2026-01-17T00:23:15,32.5,EUR,2020-06-06T06:25:07
2f4f5e78-6471-40c8-a82d-2ca4bf129dbe,5e45fcf9-5dbb-49c5-a2f0-1122442cdb62,2021-06-16T00:23:36,12.23,EUR,2023-09-27T08:05:23
e57373d0-ae92-4f42-a50f-880ff916f7ef,5e45fcf9-5dbb-49c5-a2f0-1122442cdb62,2025-07-30T23:10:15,28.96,EUR,2022-11-30T05:16:50
1e7126e2-c752-4f25-9043-5d922ca8db61,5e45fcf9-5dbb-49c5-a2f0-1122442cdb62,2025-03-12T09:09:41,16.27,EUR,2026-08-06T03:39:54
d49f8c25-1883-4e8a-9d5b-f27a538a11a8,5e45fcf9-5dbb-49c5-a2f0-1122442cdb62,2026-07-08T22:20:39,44.53,EUR,2025-07-07T09:27:20
4e2ee5f9-d4d1-4826-afca-ad2878f16583,5e45fcf9-5dbb-49c5-a2f0-1122442cdb62,2021-01-02T18:34:18,21.17,EUR,2024-03-13T12:13:58
96336e53-6e53-4bcf-aaed-c1f41dfad6c8,5e45fcf9-5dbb-49c5-a2f0-1122442cdb62,2021-03-27T12:01:50,10.19,EUR,2026-04-15T21:35:32
bc7b3786-79cd-4ac5-8932-be67e874cc46,5e45fcf9-5dbb-49c5-a2f0-1122442cdb62,2026-08-10T08:42:34,47.95,EUR,2025-06-03T17:53:39
8c94c616-e0ff-4b94-9f11-136f1cf03d2a,5e45fcf9-5dbb-49c5-a2f0-1122442cdb62,2023-05-25T03:44:55,45.67,EUR,2021-06-01T13:48:14
d63d221c-d772-466c-af0c-3ba6cb20f3a7,5e45fcf9-5dbb-49c5-a2f0-1122442cdb62,2023-12-30T04:33:35,6.88,EUR,2025-08-18T00:43:43
85551c26-d3e3-413f-8bc8-826e10fd82e5,5e45fcf9-5dbb-49c5-a2f0-1122442cdb62,2025-12-08T05:55:13,4.87,EUR,2022-02-27T21:55:45
e72a34f8-da6a-4fc4-9c74-cbaa8d8d18bb,88cd5a90-9145-4cc7-a377-184a09ca99d3,2025-12-11T09:19:19,19.99,EUR,2021-01-08T14:36:46
ffb9026c-33fb-4104-8c4a-3e8199f1300c,88cd5a90-9145-4cc7-a377-184a09ca99d3,2023-07-22T09:38:46,18.4,EUR,2025-02-20T02:43:52
6af776dd-b342-4c5c-acc2-46dc0a4e6995,88cd5a90-9145-4cc7-a377-184a09ca99d3,2020-12-07T14:49:00,14.73,EUR,2022-11-14T20:44:19
6817ed89-8774-4878-81c6-78e8219efe77,88cd5a90-9145-4cc7-a377-184a09ca99d3,2020-10-18T11:59:12,19.31,EUR,2021-05-13T08:21:54
a498775a-2847-423a-8b6c-3bd0c11e86b3,88cd5a90-9145-4cc7-a377-184a09ca99d3,2020-10-21T21:42:41,44.89,EUR,2026-01-27T06:04:58
3dde914b-878e-41c4-bd7e-66ce3758a243,88cd5a90-9145-4cc7-a377-184a09ca99d3,2022-07-27T04:06:53,34.25,EUR,2021-03-25T22:24:51
67b05834-e132-41eb-995d-54ebc59985c4,88cd5a90-9145-4cc7-a377-184a09ca99d3,2025-04-22T01:19:52,29.16,EUR,2024-01-12T12:53:06
06044b71-18af-43cb-bb66-3495a9261f56,88cd5a90-9145-4cc7-a377-184a09ca99d3,2020-02-15T01:59:31,6.4,EUR,2020-09-10T14:24:32
3e80c40a-3b38-4490-8b8e-f8f2ebb6f89c,88cd5a90-9145-4cc7-a377-184a09ca99d3,2023-12-11T02:26:56,47.16,EUR,2020-08-20T20:53:27
44e53150-baa6-46de-bea4-3bbe2e52bc6c,88cd5a90-9145-4cc7-a377-184a09ca99d3,2023-03-25T01:56:03,16.83,EUR,2023-03-25T09:22:06
7e0bdcc6-272f-4e5c-baa1-de0d9f863910,88cd5a90-9145-4cc7-a377-184a09ca99d3,2021-07-04T16:56:10,49.64,EUR,2021-07-27T19:16:50
337416d0-7527-49b6-b0bd-25b4bc1e2557,88cd5a90-9145-4cc7-a377-184a09ca99d3,2021-10-16T17:39:34,3.77,EUR,2024-09-27T13:51:48
56b6084e-b9a1-4d3d-b347-069050bf9326,88cd5a90-9145-4cc7-a377-184a09ca99d3,2023-03-08T19:30:10,33.54,EUR,2025-11-19T23:15:50
8054d58a-3c92-4ca7-8d57-e1f1668ce100,88cd5a90-9145-4cc7-a377-184a09ca99d3,2021-09-26T10:50:38,16.08,EUR,2023-05-14T22:35:23
be2919ab-5495-4568-845d-3e3fd5aa98b6,a7f29fe8-2dcb-4904-ab42-a2d15ac933bb,2026-11-16T21:48:08,37.52,EUR,2022-01-14T09:41:51
a200a75b-159a-451a-9016-ecb8d44b8a4f,a7f29fe8-2dcb-4904-ab42-a2d15ac933bb,2025-02-11T13:33:02,23.62,EUR,2023-09-12T15:42:36
d0cb7e02-c8df-4aa4-8402-4f53fbf4ff05,a7f29fe8-2dcb-4904-ab42-a2d15ac933bb,2024-12-17T11:53:40,3.64,EUR,2021-01-15T10:47:17
0fdd3b25-0941-463d-8814-e93d33a509eb,a7f29fe8-2dcb-4904-ab42-a2d15ac933bb,2024-09-09T06:27:31,32.77,EUR,2021-09-11T03:13:43
9ed1e0be-bc6f-4c4a-a091-22c2d9aac4b5,a7f29fe8-2dcb-4904-ab42-a2d15ac933bb,2024-11-12T00:27:09,30.8,EUR,2026-08-14T08:59:17
d382d9de-4b32-484a-8d91-f4a2bb349ea3,a7f29fe8-2dcb-4904-ab42-a2d15ac933bb,2025-03-20T20:11:50,24.93,EUR,2023-06-29T11:20:42
9525cf61-e3c6-4d17-9798-fc9efb85b16c,a7f29fe8-2dcb-4904-ab42-a2d15ac933bb,2025-06-15T12:38:37,29.21,EUR,2025-08-07T10:04:06
a1049a0e-0626-47f7-bb07-e0041bcb79be,a7f29fe8-2dcb-4904-ab42-a2d15ac933bb,2023-03-14T16:37:54,12.48,EUR,2022-04-08T22:14:25
81c560db-ac44-4856-b4a4-350a55189bfd,a7f29fe8-2dcb-4904-ab42-a2d15ac933bb,2022-05-08T19:36:52,43.08,EUR,2020-05-03T02:19:17
baa0db85-789b-438a-9477-f6070211976d,a7f29fe8-2dcb-4904-ab42-a2d15ac933bb,2025-07-10T03:23:43,37.01,EUR,2026-06-07T21:29:31
0f3a4511-05a4-4210-b30c-4cdf169634cf,155eb42e-c865-496c-b435-cd851a8890cc,2023-12-22T10:50:16,42.91,EUR,2020-07-27T01:45:55
0d69e59e-10bc-430d-aac7-b4b5053980dd,155eb42e-c865-496c-b435-cd851a8890cc,2024-08-30T17:33:31,48.11,EUR,2020-01-19T20:08:51
2ffd10a0-e5ac-4bde-ad05-52fbd869fca0,155eb42e-c865-496c-b435-cd851a8890cc,2026-04-23T13:41:08,1.24,EUR,2023-11-15T23:26:41
33409c10-3fe5-4aac-abb0-d097355408ae,155eb42e-c865-496c-b435-cd851a8890cc,2022-10-05T07:58:25,42.85,EUR,2020-07-15T18:28:26
4bfe4635-eb61-4345-99c2-df9b63120e44,155eb42e-c865-496c-b435-cd851a8890cc,2021-08-23T17:55:10,22.16,EUR,2021-10-14T23:50:35
fdd0ab06-8e7b-4379-946f-975b6200e2a2,155eb42e-c865-496c-b435-cd851a8890cc,2026-03-01T05:59:48,41.38,EUR,2024-08-07T07:07:01
8404c434-692e-4d85-87ba-521cda476f33,155eb42e-c865-496c-b435-cd851a8890cc,2026-05-16T12:48:34,22.79,EUR,2021-12-07T11:19:02
ccd3a77b-8103-42df-916a-69b26112f84d,155eb42e-c865-496c-b435-cd851a8890cc,2024-12-07T15:49:47,12.62,EUR,2025-12-10T23:48:54
f511961d-d12c-49f7-a9c7-00c06c3faadf,155eb42e-c865-496c-b435-cd851a8890cc,2020-10-27T13:55:32,7.59,EUR,2020-02-13T08:13:10
a06ad324-190d-4798-a148-f12e25f6eca8,155eb42e-c865-496c-b435-cd851a8890cc,2025-10-26T02:08:29,24.27,EUR,2021-04-08T14:48:29
ea9de1b0-2c5c-4e1b-9d5f-277771f4cca8,155eb42e-c865-496c-b435-cd851a8890cc,2023-04-27T21:56:52,40.41,EUR,2021-11-20T21:30:34
e122db58-0e2d-4ef8-9124-d1e11a2f0714,155eb42e-c865-496c-b435-cd851a8890cc,2026-10-11T20:49:16,9.47,EUR,2026-02-08T21:35:30
ed6b45a0-95f7-4973-93c7-1fe3be4ef92f,155eb42e-c865-496c-b435-cd851a8890cc,2021-10-17T08:08:29,17.47,EUR,2020-11-27T08:01:44
829a59b7-0134-440b-9744-73703c2421c9,155eb42e-c865-496c-b435-cd851a8890cc,2024-04-14T10:53:03,36.2,EUR,2026-02-14T00:52:46
78a36dfa-9054-494c-90ba-b0aadf7014f7,8f6c7b0b-af89-4fcd-84d2-128156e8320e,2025-11-20T03:13:32,33.79,EUR,2021-07-30T07:44:44
b3f4f257-0ad5-47fb-8f46-a19f307ff016,8f6c7b0b-af89-4fcd-84d2-128156e8320e,2021-03-04T22:46:06,30.61,EUR,2025-08-08T22:25:42
505cf5ba-bf35-461f-baca-d974788e3eed,8f6c7b0b-af89-4fcd-84d2-128156e8320e,2023-02-25T14:20:42,26.05,EUR,2022-10-18T07:22:24
8a195e73-d84d-468f-8c52-df34118e1a17,8f6c7b0b-af89-4fcd-84d2-128156e8320e,2024-04-02T07:33:33,33.56,EUR,2021-11-12T16:10:11
e92fe102-04bf-4f36-bbb3-0899fc1b7840,8f6c7b0b-af89-4fcd-84d2-128156e8320e,2025-01-03T00:25:59,33.93,EUR,2026-07-05T15:31:29
59449aa7-d505-4820-9a28-7e443b2a21b6,8f6c7b0b-af89-4fcd-84d2-128156e8320e,2025-06-12T07:02:34,40.7,EUR,2022-01-08T18:50:32
726f5f4a-e884-4506-8fc2-04df0eb999a1,8f6c7b0b-af89-4fcd-84d2-128156e8320e,2023-07-06T01:28:53,21.89,EUR,2021-07-27T06:27:34
079a80bd-99d5-423f-91d8-0aef421d5398,8f6c7b0b-af89-4fcd-84d2-128156e8320e,2020-12-31T21:03:46,33.21,EUR,2024-09-27T07:24:42
8b04a2f8-564e-4e06-af02-eb6bd0d0afc3,8f6c7b0b-af89-4fcd-84d2-128156e8320e,2022-09-28T04:47:01,4.39,EUR,2023-11-11T09:24:04
c1a45b8f-04a8-4b3b-87ad-e055fa6cec9c,8f6c7b0b-af89-4fcd-84d2-128156e8320e,2021-06-19T02:16:46,29.32,EUR,2021-01-07T23:11:40
92ad5cee-3367-4e4d-a667-2c439cbdebc5,8f6c7b0b-af89-4fcd-84d2-128156e8320e,2022-01-15T17:41:40,20.74,EUR,2025-01-02T06:06:42
568eac53-85c5-4ae1-8785-ec9e68c52216,7cede5ef-8b90-45ba-adbb-a31bf032d91e,2026-02-28T23:52:57,14.88,EUR,2022-08-05T10:46:46
83db3a13-2e0a-44a8-bf2e-c31fda9c02ce,7cede5ef-8b90-45ba-adbb-a31bf032d91e,2026-09-01T15:50:14,0.6,EUR,2026-12-16T16:03:26
8c44049c-0002-43e2-8a5d-44d959b66fe8,7cede5ef-8b90-45ba-adbb-a31bf032d91e,2023-08-01T15:09:30,44.06,EUR,2025-10-29T01:06:26
1f119e55-5314-47a9-8cc9-afaec081afdb,7cede5ef-8b90-45ba-adbb-a31bf032d91e,2023-10-17T17:19:54,18.07,EUR,2022-03-06T05:43:16
6d3b05ac-4793-4d96-aaf2-22f0fa2fdcf9,7cede5ef-8b90-45ba-adbb-a31bf032d91e,2023-11-18T09:47:00,36.89,EUR,2022-07-15T13:00:25
a67d05ca-00b4-4197-8b05-05511aa6af17,7cede5ef-8b90-45ba-adbb-a31bf032d91e,2023-09-02T13:32:06,37.63,EUR,2022-12-04T20:00:53
ffae57a6-3798-4038-8265-ea72a1f3a5fc,7cede5ef-8b90-45ba-adbb-a31bf032d91e,2026-09-29T16:49:23,34.21,EUR,2021-01-30T14:45:30
06d764de-b1c7-4f9f-8b8d-e8e92583a475,7cede5ef-8b90-45ba-adbb-a31bf032d91e,2022-01-15T20:54:36,21.83,EUR,2021-09-02T18:11:14
60e9663b-8a8c-4612-b421-46b1067c2887,7cede5ef-8b90-45ba-adbb-a31bf032d91e,2023-03-05T23:50:26,24.03,EUR,2026-01-18T09:17:26
46b1f42f-f843-452f-9c82-a6a16bf23ed7,7cede5ef-8b90-45ba-adbb-a31bf032d91e,2020-10-31T21:28:12,7.02,EUR,2023-05-04T07:01:42
8f54d97d-e919-4941-96e7-427822dfb93d,7cede5ef-8b90-45ba-adbb-a31bf032d91e,2024-12-23T12:46:42,31.51,EUR,2024-04-21T14:54:41
71dace50-fcaf-45d8-add5-e93a12adf6ff,7cede5ef-8b90-45ba-adbb-a31bf032d91e,2022-10-29T20:00:00,4.98,EUR,2025-10-27T23:59:45
84b0326c-1d2b-4d6d-a54c-babe6cb8a8df,7cede5ef-8b90-45ba-adbb-a31bf032d91e,2023-05-13T14:51:42,43.63,EUR,2024-10-13T12:37:38
74be0c26-0cd6-4a44-9bcf-7d388d116ec4,7cede5ef-8b90-45ba-adbb-a31bf032d91e,2024-02-06T06:22:36,18.79,EUR,2024-12-22T02:09:17
200eaa30-f115-4434-af9d-8c26eb930152,edf99557-8175-4e27-9941-bd5a8d6f72e8,2026-03-02T15:53:35,5.62,EUR,2025-08-27T08:43:07
da048716-19c5-49c9-8890-bbb156453c9f,edf99557-8175-4e27-9941-bd5a8d6f72e8,2023-05-31T14:24:11,40.37,EUR,2022-08-29T16:02:10
edb7be97-fe9e-45f5-9498-3e249bedbd7d,edf99557-8175-4e27-9941-bd5a8d6f72e8,2024-05-28T15:03:50,42.53,EUR,2023-03-31T13:04:35
aaf112ce-3a76-4d9e-8a89-f09ab32f7db9,edf99557-8175-4e27-9941-bd5a8d6f72e8,2024-10-10T14:43:30,4.38,EUR,2024-07-25T08:04:33
9a3016ed-1b94-4428-b9a4-b1317fb862d7,edf99557-8175-4e27-9941-bd5a8d6f72e8,2021-05-21T08:58:26,2.6,EUR,2026-06-17T18:05:09
b572b3eb-4470-4cb9-b39b-a39c693fa1cb,edf99557-8175-4e27-9941-bd5a8d6f72e8,2026-07-28T21:58:14,21.46,EUR,2022-03-30T04:09:33
2be9b658-186d-4a58-afaf-cf6b5fde1b75,edf99557-8175-4e27-9941-bd5a8d6f72e8,2020-04-30T23:42:10,30.34,EUR,2026-09-27T16:00:50
3ab2585d-fb6a-4c18-96df-e779ab581f2b,edf99557-8175-4e27-9941-bd5a8d6f72e8,2020-10-26T06:48:19,24.29,EUR,2020-06-22T18:27:31
3b7d1f1f-c4d6-4ed7-9150-df9224c873a3,edf99557-8175-4e27-9941-bd5a8d6f72e8,2022-09-28T17:46:59,21.1,EUR,2025-05-31T11:04:39
6ebdd9d4-d2d7-4cf5-8f5f-ab97d1c76d43,5e8bb5e9-3a08-4f8b-bcb0-479426c59c19,2025-09-02T19:04:15,18.83,EUR,2023-06-06T06:28:17
9e3a7e14-a214-4fa3-9005-822c9b304880,5e8bb5e9-3a08-4f8b-bcb0-479426c59c19,2023-11-11T11:28:41,19.75,EUR,2022-10-09T18:55:19
1ffbae01-e719-4560-be01-063aadd41db2,5e8bb5e9-3a08-4f8b-bcb0-479426c59c19,2020-03-13T17:05:36,48.22,EUR,2025-07-27T10:32:50
ff167189-70c3-4cd4-b034-92b4b47ceefc,5e8bb5e9-3a08-4f8b-bcb0-479426c59c19,2023-01-27T22:33:58,7.85,EUR,2024-12-10T11:37:19
989f0879-da50-415c-a8f3-4cdc00312e0f,5e8bb5e9-3a08-4f8b-bcb0-479426c59c19,2025-01-24T19:11:54,8.54,EUR,2020-08-01T02:37:09
e4e487b3-2a47-44dd-915d-2302561f8dde,5e8bb5e9-3a08-4f8b-bcb0-479426c59c19,2022-11-10T20:24:29,17.75,EUR,2023-07-12T15:53:39
fe49f1e8-2ba7-44f0-83b5-63f8856f687f,5e8bb5e9-3a08-4f8b-bcb0-479426c59c19,2024-04-17T06:15:30,5.99,EUR,2020-10-19T19:12:20
cdf587dd-66d0-46fa-b555-6efe933cce8d,5e8bb5e9-3a08-4f8b-bcb0-479426c59c19,2021-04-29T14:01:35,22.79,EUR,2021-03-29T13:20:03
633178f2-edbf-4303-9785-01b35a5d2375,5e8bb5e9-3a08-4f8b-bcb0-479426c59c19,2025-12-03T03:29:03,10.19,EUR,2024-12-04T12:04:13
45262e81-2e95-4b4d-be1a-d03cfc97a2d4,5e8bb5e9-3a08-4f8b-bcb0-479426c59c19,2023-09-02T05:18:09,27.55,EUR,2021-02-25T13:37:56
2fd70adb-7dac-4e38-a4cb-7d538cd3c1bf,5e8bb5e9-3a08-4f8b-bcb0-479426c59c19,2023-02-01T10:15:51,35.09,EUR,2026-02-05T08:20:21
66eddc34-4982-43d3-b72a-d6d1fccacece,7929f661-906b-462f-bb62-2a446b3cb23d,2021-05-09T02:25:22,16.84,EUR,2024-06-21T11:06:05
7cf90b14-a691-4d8b-ab65-0e3dbc8e02bb,7929f661-906b-462f-bb62-2a446b3cb23d,2023-11-19T00:15:20,18.21,EUR,2026-03-13T03:51:54
ee460a8c-3760-4f32-909e-af8dae8af541,7929f661-906b-462f-bb62-2a446b3cb23d,2026-02-05T21:03:43,47.9,EUR,2020-07-28T13:25:41
23a33840-d5fb-4ae0-a23a-ba62f2ca378f,7929f661-906b-462f-bb62-2a446b3cb23d,2020-05-01T11:27:54,34.2,EUR,2025-06-03T15:42:51
753b7151-f4cc-42e5-9292-63daa84111bd,7929f661-906b-462f-bb62-2a446b3cb23d,2022-01-30T20:06:12,48.18,EUR,2020-03-13T01:34:50
89aadee0-2870-4355-b868-2705425fe390,7929f661-906b-462f-bb62-2a446b3cb23d,2023-01-24T23:46:54,10.69,EUR,2020-05-20T00:57:46
92aac004-7bbf-480d-aced-67377457f36c,7929f661-906b-462f-bb62-2a446b3cb23d,2024-10-07T07:46:38,30.13,EUR,2022-08-16T15:33:08
5ebcc4d0-8f50-4946-9aa0-04fcd6b6becf,7929f661-906b-462f-bb62-2a446b3cb23d,2022-09-25T13:37:44,47.53,EUR,2020-02-24T19:43:39
3f1eee17-1111-424d-a198-a85669951080,7929f661-906b-462f-bb62-2a446b3cb23d,2025-08-07T21:33:28,8.44,EUR,2020-09-22T18:06:51
eabd97b8-188b-4933-99ee-c35b9ceb69b1,7929f661-906b-462f-bb62-2a446b3cb23d,2024-04-19T06:42:00,34.41,EUR,2026-11-18T03:27:21
158b0d9b-288b-4fda-8d9e-0a36fa00e460,7929f661-906b-462f-bb62-2a446b3cb23d,2021-01-09T13:34:02,1.56,EUR,2025-05-26T05:06:20
34fb46f7-6371-4714-b965-2cf4551bb41e,7929f661-906b-462f-bb62-2a446b3cb23d,2022-03-26T10:30:56,33.3,EUR,2020-03-24T19:13:21
f8b5fe47-f5ed-43cc-b50b-1cf8f063023f,7929f661-906b-462f-bb62-2a446b3cb23d,2025-09-14T14:56:05,24.24,EUR,2020-08-28T05:00:03
c21b7008-84c0-4384-99b1-ed306f9e10ee,7929f661-906b-462f-bb62-2a446b3cb23d,2023-12-10T10:42:23,0.71,EUR,2021-03-20T23:34:28
76fb61f8-d4ed-450c-b3f1-003e0087d7f9,eb181151-7c11-4fba-bbc7-83891d4f7640,2022-07-30T00:38:40,36.05,EUR,2021-02-21T03:53:01
7a53b4fd-2f1f-45cc-ae73-0ff7e84f51df,eb181151-7c11-4fba-bbc7-83891d4f7640,2024-12-27T20:46:35,0.67,EUR,2026-04-06T15:26:52
e7891bf5-bf6a-421a-995c-681affae3f0e,eb181151-7c11-4fba-bbc7-83891d4f7640,2024-04-08T15:33:19,16.98,EUR,2022-03-22T09:40:41
230719c7-f2aa-4188-b252-31266ce1aea0,eb181151-7c11-4fba-bbc7-83891d4f7640,2022-02-22T23:15:22,33.91,EUR,2025-02-27T16:19:14
0e5fc293-8df1-4890-b8f7-a3fc958d1964,eb181151-7c11-4fba-bbc7-83891d4f7640,2025-02-09T01:49:04,33.94,EUR,2025-09-09T21:02:12
33905c56-cf4b-479c-83a1-551bb8affde8,eb181151-7c11-4fba-bbc7-83891d4f7640,2022-03-21T23:25:55,4.18,EUR,2024-05-23T06:30:45
eb923116-b164-40fd-8b86-66b977612cd7,eb181151-7c11-4fba-bbc7-83891d4f7640,2023-08-29T00:26:01,15.64,EUR,2022-06-22T07:46:59
4d30868f-d2b6-4242-9e99-7be90c907d5e,eb181151-7c11-4fba-bbc7-83891d4f7640,2024-03-12T03:57:50,39.83,EUR,2024-06-06T07:51:46
9e854e73-8b59-4edd-ab23-0e5b8a6564a0,eb181151-7c11-4fba-bbc7-83891d4f7640,2025-05-14T17:48:57,41.97,EUR,2023-12-20T21:58:28
d48d3f45-88e5-455c-a353-ba96188eb816,70765a0b-f45f-4f91-999e-9eb08f039d34,2024-01-07T20:24:17,44.88,EUR,2023-12-24T19:43:33
c4ea5ec8-99d8-430d-b8d7-91b49a932d70,70765a0b-f45f-4f91-999e-9eb08f039d34,2021-01-09T14:04:13,43.81,EUR,2020-06-03T07:10:57
6f73ead2-8d66-4c38-bf4b-847d8b116600,70765a0b-f45f-4f91-999e-9eb08f039d34,2026-08-26T04:50:35,14.59,EUR,2021-12-12T23:10:06
954ceab3-6092-4c3d-8303-ddc8d656b8f7,70765a0b-f45f-4f91-999e-9eb08f039d34,2022-05-18T17:18:47,10.19,EUR,2021-06-07T02:49:15
44263350-27e2-42f9-a4e6-2227db6291cd,70765a0b-f45f-4f91-999e-9eb08f039d34,2022-08-01T01:56:03,32.33,EUR,2023-03-31T23:58:10
98dc4b8f-b76e-41ab-93a8-b2bbface10f6,70765a0b-f45f-4f91-999e-9eb08f039d34,2026-12-19T10:24:00,9.49,EUR,2021-06-12T19:12:43
143b6f4f-3c61-4dd0-9b46-5310012e94ed,70765a0b-f45f-4f91-999e-9eb08f039d34,2020-01-08T18:21:55,25.18,EUR,2022-01-18T00:10:01
ac533098-993d-4458-9aa3-1eb4547e18dd,70765a0b-f45f-4f91-999e-9eb08f039d34,2025-01-29T11:09:03,0.99,EUR,2021-12-06T10:22:25
da3878bc-5ce9-4c79-981c-5a678e275fa5,70765a0b-f45f-4f91-999e-9eb08f039d34,2026-08-30T06:05:32,49.38,EUR,2020-01-29T13:45:10
522b1b98-b299-428f-8047-8c78d5a3c50a,70765a0b-f45f-4f91-999e-9eb08f039d34,2022-07-01T20:50:07,13.28,EUR,2025-11-27T15:18:19
fa6eb4ca-f83c-4da7-a0bc-0615af9e2456,70765a0b-f45f-4f91-999e-9eb08f039d34,2022-08-04T15:54:15,0.35,EUR,2022-07-22T11:39:26
e413367a-2b8f-40e5-86a0-457adaa1b326,70765a0b-f45f-4f91-999e-9eb08f039d34,2021-06-25T15:26:15,0.72,EUR,2026-07-31T15:24:48
0208f8e5-f4ab-4c34-bea1-922628938e78,70765a0b-f45f-4f91-999e-9eb08f039d34,2022-07-28T20:11:20,6.86,EUR,2022-09-27T19:28:57
03cd27f8-023a-4486-852d-a1b4364c0256,764d2113-55ca-4072-b0dd-e83b75dfcd2c,2023-06-18T05:39:23,12.05,EUR,2022-04-07T23:58:29
da4f3545-d34d-4d00-b03a-fcab6aaca13d,764d2113-55ca-4072-b0dd-e83b75dfcd2c,2021-02-27T16:59:37,12.78,EUR,2022-02-06T17:56:18
6e17e52e-2971-40b4-b821-e5ed7d09468d,764d2113-55ca-4072-b0dd-e83b75dfcd2c,2020-02-18T17:44:40,26.65,EUR,2025-09-05T11:26:43
953a569f-bcc9-4cb5-9973-6ef3bd2b5c61,764d2113-55ca-4072-b0dd-e83b75dfcd2c,2022-06-27T16:00:11,32.94,EUR,2023-10-06T04:04:09
ebcb55ec-2d54-4601-9f4f-17533b6ba3de,764d2113-55ca-4072-b0dd-e83b75dfcd2c,2020-07-28T01:52:18,32.08,EUR,2024-07-13T08:59:35
3486b061-d4ab-46a7-8b33-b466550a57b1,764d2113-55ca-4072-b0dd-e83b75dfcd2c,2024-01-13T22:05:55,45.22,EUR,2023-12-12T18:54:25
6b48fd5f-4d12-47be-a847-903928dcc6cd,764d2113-55ca-4072-b0dd-e83b75dfcd2c,2022-12-07T17:58:30,41.37,EUR,2022-02-10T04:59:07
5532b440-dc2b-4b82-93e0-e12b4960bba8,764d2113-55ca-4072-b0dd-e83b75dfcd2c,2025-10-21T14:00:15,30.68,EUR,2020-06-16T23:42:35
b196994e-eb8a-4ad6-8bab-99b021a75e64,764d2113-55ca-4072-b0dd-e83b75dfcd2c,2026-03-05T17:33:17,8.23,EUR,2022-08-07T21:54:23
78dad766-a157-40a0-bf50-fd06f3b9c61c,148d2032-2224-4aaa-b9a1-4ffb45db3b2c,2023-11-11T02:30:08,23.07,EUR,2026-02-28T09:29:59
67ea4060-702d-4801-8e81-f0e2cd6bef5a,148d2032-2224-4aaa-b9a1-4ffb45db3b2c,2026-09-03T21:11:29,2.14,EUR,2023-12-18T18:38:16
797af2d2-eea7-43bb-9ab7-46a963d5feab,148d2032-2224-4aaa-b9a1-4ffb45db3b2c,2023-02-13T12:06:28,11.19,EUR,2022-07-16T12:03:26
21b65281-efa2-4ac9-8324-c3210393d8f2,148d2032-2224-4aaa-b9a1-4ffb45db3b2c,2025-08-11T09:18:31,36.69,EUR,2020-01-12T13:46:44
aabba19f-7236-40d5-bd4a-2f195d7e5f58,148d2032-2224-4aaa-b9a1-4ffb45db3b2c,2025-06-27T09:00:38,37.02,EUR,2021-10-04T12:01:09
adf35aa6-8558-4ebb-a17e-2a1d0c2cb183,148d2032-2224-4aaa-b9a1-4ffb45db3b2c,2025-09-08T14:58:40,2.73,EUR,2025-01-06T02:06:01
3b71cd44-13de-4f16-aaf3-d53c7da600b8,148d2032-2224-4aaa-b9a1-4ffb45db3b2c,2024-10-22T09:32:03,44.54,EUR,2021-08-16T06:09:22
81f5bc3f-cafb-4752-b8e3-c79a0c0c07c8,148d2032-2224-4aaa-b9a1-4ffb45db3b2c,2025-09-13T12:36:39,40.32,EUR,2025-09-19T00:03:49
4e325b53-330c-4657-8173-cecf0145346e,148d2032-2224-4aaa-b9a1-4ffb45db3b2c,2026-01-30T17:59:54,48.44,EUR,2023-03-11T16:19:34
34312b5f-24fc-421a-bc30-2601b5ff4dec,148d2032-2224-4aaa-b9a1-4ffb45db3b2c,2026-10-10T09:24:43,46.94,EUR,2023-09-09T08:04:44
0df1dd9a-bd56-4eb8-b17a-c67665f1a009,148d2032-2224-4aaa-b9a1-4ffb45db3b2c,2020-10-05T05:17:45,8.73,EUR,2021-08-14T19:26:03
cd2fd393-73ce-476f-bc31-e72ce404b705,148d2032-2224-4aaa-b9a1-4ffb45db3b2c,2024-10-04T19:05:15,39.33,EUR,2022-01-12T23:07:30
70a393bb-a38f-4204-97a3-8cfe5395a408,148d2032-2224-4aaa-b9a1-4ffb45db3b2c,2021-10-11T23:49:39,15.64,EUR,2021-08-13T22:04:35
ed3f4fbf-a644-4a59-92e2-3b3067713da6,1f272803-f130-43d9-96e4-64336959a422,2024-12-22T00:59:27,9.95,EUR,2025-05-13T20:34:53
c11923e7-90b7-4368-92f4-54d10d259658,1f272803-f130-43d9-96e4-64336959a422,2025-02-09T08:28:09,35.43,EUR,2024-12-18T23:13:10
59acb8bc-1a7c-4cb3-a106-ad3b3d8d4a95,1f272803-f130-43d9-96e4-64336959a422,2024-04-27T23:33:07,11.72,EUR,2020-09-25T10:42:46
6933d03a-c4ec-41b8-91d2-014d320fccb2,1f272803-f130-43d9-96e4-64336959a422,2026-11-26T07:25:19,2.37,EUR,2024-05-23T04:02:44
397dfd6b-d57b-487c-8c23-a33d48a64535,1f272803-f130-43d9-96e4-64336959a422,2021-12-22T21:34:09,47.47,EUR,2020-04-28T15:19:40
91de824b-6c81-4b74-9b97-82ab59e451af,1f272803-f130-43d9-96e4-64336959a422,2026-08-02T10:45:39,20.43,EUR,2023-02-15T02:41:15
08e61cae-7a0b-4c4b-bfda-90d4c11f8dcb,1f272803-f130-43d9-96e4-64336959a422,2021-08-08T08:21:38,46.04,EUR,2021-03-20T23:08:15
ca3b47c8-04f3-46ae-90ee-b1154401a374,1f272803-f130-43d9-96e4-64336959a422,2020-10-25T09:42:43,4.2,EUR,2021-11-24T02:51:22
be7a9a1e-6389-46a6-b31c-17c653ecb850,1f272803-f130-43d9-96e4-64336959a422,2025-11-02T04:21:54,42.74,EUR,2023-11-01T23:49:43
6fa17c2f-d400-4d94-951e-c4dec755207d,1f272803-f130-43d9-96e4-64336959a422,2021-04-25T08:14:19,10.89,EUR,2021-08-30T11:03:03
34b32174-395c-4da7-9fe2-ab8a2b6781cd,1f272803-f130-43d9-96e4-64336959a422,2025-11-29T23:24:43,30.21,EUR,2026-08-05T04:02:22
1adff0cd-57e6-4255-9921-4b42a01a93ba,1f272803-f130-43d9-96e4-64336959a422,2020-10-10T01:12:16,34.66,EUR,2020-11-02T11:37:19
4955fa41-a29c-4008-8bc0-7597bde500b4,1f272803-f130-43d9-96e4-64336959a422,2026-12-18T21:48:08,35.9,EUR,2026-02-03T06:18:37
8bfbd26f-ce1e-48e7-b2f4-7ff4d805622e,eba42145-7d80-49d2-b72d-4fff09bee876,2021-09-14T22:47:05,47.92,EUR,2021-03-07T14:03:02
ae830ace-6f87-4e22-9ac5-0e71c852ed7f,eba42145-7d80-49d2-b72d-4fff09bee876,2024-02-04T05:18:20,42.99,EUR,2024-05-30T00:39:01
cbcfd244-b415-4742-90da-ae9a0471f1ab,eba42145-7d80-49d2-b72d-4fff09bee876,2021-01-22T05:48:30,42.51,EUR,2025-05-25T05:53:02
473b03d6-da92-491e-a446-353640cdf54a,eba42145-7d80-49d2-b72d-4fff09bee876,2026-04-25T21:34:18,45.34,EUR,2021-10-02T14:49:02
b6b8d797-fc41-447a-bb7e-b844ec60f34d,eba42145-7d80-49d2-b72d-4fff09bee876,2026-06-13T08:12:05,17.57,EUR,2021-04-24T02:48:50
9f58492d-d6ba-4021-8f53-eb1a1fd382d7,eba42145-7d80-49d2-b72d-4fff09bee876,2026-10-25T19:53:31,6.13,EUR,2025-11-11T13:46:11
089a746a-db7e-41f8-9e5a-83f5bb48f1e1,eba42145-7d80-49d2-b72d-4fff09bee876,2023-11-14T20:25:44,42.28,EUR,2024-02-16T13:15:27
5ac10c87-3618-4ccb-aedc-12114a27df45,eba42145-7d80-49d2-b72d-4fff09bee876,2026-03-24T17:25:17,49.39,EUR,2024-04-29T20:42:21
ef6625f7-e230-4477-9826-6ce919131bb5,eba42145-7d80-49d2-b72d-4fff09bee876,2020-03-13T09:48:20,18.78,EUR,2024-05-04T00:49:47
d6cc20e4-5bbc-48f0-aeef-1a3a0f0bfba3,a25dc453-a791-436f-a9cb-cc2dd88095c4,2025-12-04T06:57:51,28.56,EUR,2026-05-10T00:17:54
eb0b4e24-5eb5-42b2-bde7-fc7d68f701c7,a25dc453-a791-436f-a9cb-cc2dd88095c4,2026-06-28T15:38:45,4.47,EUR,2022-09-06T01:46:13
2a27692a-da38-4e82-a940-b2141220d3fc,a25dc453-a791-436f-a9cb-cc2dd88095c4,2022-07-13T15:37:38,5.78,EUR,2020-10-17T16:21:45
98ae719e-1020-478b-8363-10fd5b2ac5cb,a25dc453-a791-436f-a9cb-cc2dd88095c4,2020-01-07T05:39:29,19.94,EUR,2020-08-02T13:16:18
09cd06d3-2ed9-4502-aee8-76f302ce5a06,a25dc453-a791-436f-a9cb-cc2dd88095c4,2020-01-25T19:13:48,1.49,EUR,2023-08-04T15:28:27
5a5dcc74-925f-4390-a03c-0b213ecdd65c,a25dc453-a791-436f-a9cb-cc2dd88095c4,2020-12-21T09:00:24,29.29,EUR,2021-09-20T12:01:02
7f6c0201-8345-49c1-8507-eef7c95a9267,a25dc453-a791-436f-a9cb-cc2dd88095c4,2023-11-10T09:09:35,20.71,EUR,2023-11-24T15:17:02
96c3da2e-a4dc-4f53-81ac-9aa7a10d63c3,a25dc453-a791-436f-a9cb-cc2dd88095c4,2026-04-02T16:55:42,16.87,EUR,2024-12-20T09:16:19
d310dab6-d71f-4e97-94f2-9a286540aefc,a25dc453-a791-436f-a9cb-cc2dd88095c4,2023-04-03T02:15:48,26.35,EUR,2026-02-13T04:20:34
3672974f-a548-42e0-92dc-75899343d871,a25dc453-a791-436f-a9cb-cc2dd88095c4,2022-01-11T23:15:49,33.06,EUR,2023-11-07T04:25:14
9a0a9104-3c1b-473c-a156-da78c20276d2,a25dc453-a791-436f-a9cb-cc2dd88095c4,2025-02-26T06:15:34,38.29,EUR,2024-04-19T03:31:30
608bbba0-55bf-4b98-930c-dd5c55dcf2cd,1f0603c7-9389-475c-9233-1ffae534e7ea,2024-04-25T08:57:25,30.1,EUR,2024-09-22T20:07:00
fda469a6-ddc3-43e6-96b1-5ea70a1eea5c,1f0603c7-9389-475c-9233-1ffae534e7ea,2026-11-16T13:02:14,44.8,EUR,2025-10-30T23:09:58
50a0e7a7-fd01-4733-b1bf-835b920f10e1,1f0603c7-9389-475c-9233-1ffae534e7ea,2021-08-27T21:54:13,27.63,EUR,2021-11-10T05:15:23
ed6e16d1-e0b8-4de5-8a90-ece147b6cf1a,1f0603c7-9389-475c-9233-1ffae534e7ea,2022-05-17T14:20:20,33.96,EUR,2021-07-10T14:44:02
9fad48cb-ac44-48c8-ac6b-69d616c0054b,1f0603c7-9389-475c-9233-1ffae534e7ea,2023-09-26T19:08:48,31.89,EUR,2020-04-25T20:04:34
6a3e6277-c6d6-4b7b-a570-49bfa27f5b11,1f0603c7-9389-475c-9233-1ffae534e7ea,2026-01-01T14:09:02,20.46,EUR,2024-07-02T11:55:49
0c2e839f-bc31-4528-a021-7a416bf859ff,1f0603c7-9389-475c-9233-1ffae534e7ea,2024-12-12T15:25:31,47.13,EUR,2025-03-20T17:58:50
932be32a-c06f-4a16-a63e-6749053a7d5a,1f0603c7-9389-475c-9233-1ffae534e7ea,2025-08-28T15:07:12,42.68,EUR,2025-09-29T20:16:52
61aef9c0-196c-4bd8-be72-a72c4e54de18,1f0603c7-9389-475c-9233-1ffae534e7ea,2025-08-20T06:38:31,6.55,EUR,2020-06-10T12:45:27
0918ff1c-bd57-471e-a88e-298b7b90a0a8,9961153f-71fa-4f7a-9a91-562c86a5f640,2026-03-22T09:50:11,16.52,EUR,2024-06-16T02:17:58
1eb3a6ec-8060-43bb-b2c4-ccc6d79384f1,9961153f-71fa-4f7a-9a91-562c86a5f640,2020-09-16T23:28:33,15.08,EUR,2025-01-22T12:01:06
aa380677-7010-43de-8415-7b4117b17649,9961153f-71fa-4f7a-9a91-562c86a5f640,2025-11-06T23:12:11,38.95,EUR,2025-05-11T21:36:32
43d30342-cf70-4ba7-a653-6a3fe57626e4,9961153f-71fa-4f7a-9a91-562c86a5f640,2021-04-26T22:24:38,17.76,EUR,2022-08-05T20:52:23
52cfbd0d-9259-435b-ae40-1ea5ead4eaf5,9961153f-71fa-4f7a-9a91-562c86a5f640,2021-09-04T08:43:46,20.35,EUR,2026-08-26T06:48:43
809f97da-445f-49f7-8373-7a2b1e545d88,9961153f-71fa-4f7a-9a91-562c86a5f640,2024-10-17T01:16:48,35.8,EUR,2023-09-05T18:59:37
838db31f-941a-46a9-a547-acbaee09d85a,9961153f-71fa-4f7a-9a91-562c86a5f640,2020-03-28T08:47:51,34.04,EUR,2020-01-30T02:39:59
3063ef85-97df-42d6-9158-20aa40741698,9961153f-71fa-4f7a-9a91-562c86a5f640,2022-09-17T18:50:20,36.34,EUR,2026-04-13T18:32:05
e2876eeb-aa15-423e-abd0-d6df49e93d5a,9961153f-71fa-4f7a-9a91-562c86a5f640,2025-09-15T23:18:15,35.76,EUR,2023-02-18T09:56:50
dec519ea-6023-42d3-8112-76222d2b5168,9961153f-71fa-4f7a-9a91-562c86a5f640,2024-01-22T15:45:19,41.34,EUR,2023-07-01T20:11:20
5d7312ee-5c9f-454b-a19f-090ec7165849,9961153f-71fa-4f7a-9a91-562c86a5f640,2026-08-17T11:40:04,7.88,EUR,2021-09-30T17:25:48
39e793fb-9613-4d20-b9ea-d9c9693d9670,506e13c4-eb07-4c0f-a1f3-031d07a492b2,2022-05-07T00:11:56,16.97,EUR,2023-08-21T16:33:35
6cf1c85a-db54-4c6d-a898-1611dfaf5972,506e13c4-eb07-4c0f-a1f3-031d07a492b2,2024-02-01T10:57:28,10.45,EUR,2022-06-20T19:31:17
64edae1f-1c99-46fc-8733-fbd75dd79c33,506e13c4-eb07-4c0f-a1f3-031d07a492b2,2021-11-20T20:25:00,27.18,EUR,2023-12-24T01:08:42
5c289991-e07c-42c1-8ae2-7251b8216350,506e13c4-eb07-4c0f-a1f3-031d07a492b2,2024-05-29T05:48:53,18.74,EUR,2026-07-31T19:07:17
68d4a2b5-c7d7-4794-9ea2-96d354564403,506e13c4-eb07-4c0f-a1f3-031d07a492b2,2022-08-31T10:13:50,28.58,EUR,2024-01-17T19:51:20
9068db1e-8b9e-458a-8b04-56e79935a6a1,506e13c4-eb07-4c0f-a1f3-031d07a492b2,2024-07-26T19:53:07,23.25,EUR,2021-10-24T00:30:03
f1ae9d84-5f0d-4b69-a4d5-97a15818ec59,506e13c4-eb07-4c0f-a1f3-031d07a492b2,2022-10-09T13:44:31,30.91,EUR,2025-08-24T19:50:13
20c49da2-a9f3-47b5-82f7-b3d84eeb50c0,506e13c4-eb07-4c0f-a1f3-031d07a492b2,2025-04-26T06:24:14,44.93,EUR,2020-07-15T03:22:57
de077629-13a3-4ea3-a756-661ef6abe007,506e13c4-eb07-4c0f-a1f3-031d07a492b2,2022-01-20T15:58:30,48.84,EUR,2025-04-01T09:45:34
5cff06c8-d3d8-4b45-8e98-6019c93c6c47,506e13c4-eb07-4c0f-a1f3-031d07a492b2,2021-01-16T03:34:19,13.75,EUR,2025-07-18T17:37:54
