order_id,subscriber_id,order_type,order_status,requested_ts,completed_ts,failure_reason,created_ts,updated_ts
0c5d48bd-e72a-4db2-a231-b684f4dbfdb2,801f0e24-37e9-4c47-910f-97f9c256fcdc,PLAN_CHANGE,IN_PROGRESS,2021-01-15T10:24:41,,,2021-01-15T10:24:41,2026-04-01T11:05:50.404962
504e7553-9daa-47ac-8eaa-4f6e75fa0b6e,801f0e24-37e9-4c47-910f-97f9c256fcdc,ACTIVATE,COMPLETED,2023-03-13T09:24:43,2022-12-05T13:11:10,,2023-03-13T09:24:43,2026-04-01T11:05:50.404975
27b4b7af-a6b2-4752-8eac-302533fa1245,801f0e24-37e9-4c47-910f-97f9c256fcdc,ACTIVATE,IN_PROGRESS,2024-06-19T21:33:53,,,2024-06-19T21:33:53,2026-04-01T11:05:50.404982
885c7069-3123-451c-8f6a-d58dfcea35ea,1cd0f16c-d37a-4878-8f4a-656f94c158c8,SIM_SWAP,COMPLETED,2024-07-03T13:49:03,2021-04-19T19:51:51,,2024-07-03T13:49:03,2026-04-01T11:05:50.405020
84aa1730-6e16-4505-b972-8b6f5b6707ac,837b3ed9-44bd-4be9-bdbd-8fcf93758558,TERMINATE,COMPLETED,2020-11-23T04:00:21,2022-11-22T06:32:52,,2020-11-23T04:00:21,2026-04-01T11:05:50.405047
7894108c-3c22-40b4-8cc9-a8aaafd3e295,837b3ed9-44bd-4be9-bdbd-8fcf93758558,PORT_IN,COMPLETED,2026-11-22T23:55:29,2023-02-27T01:07:55,,2026-11-22T23:55:29,2026-04-01T11:05:50.405057
b351e1e4-bc4e-4513-830d-5b41ac1f0a4c,362354ba-7dae-4d91-82cf-8cace40e8189,PORT_IN,COMPLETED,2020-04-06T17:17:11,2020-03-12T14:20:19,,2020-04-06T17:17:11,2026-04-01T11:05:50.405076
db7a3da3-9797-4b71-9a93-59ecd581a4f8,e9e2f658-b20c-4827-a44f-ee7300d687b5,PLAN_CHANGE,COMPLETED,2024-10-31T08:22:29,2025-11-14T18:29:02,,2024-10-31T08:22:29,2026-04-01T11:05:50.405100
e64490e9-1230-41fd-9ccd-ecaafa861b19,e9e2f658-b20c-4827-a44f-ee7300d687b5,ACTIVATE,IN_PROGRESS,2020-11-09T10:23:02,,,2020-11-09T10:23:02,2026-04-01T11:05:50.405107
a92e4fed-8374-410a-af1b-f44e776befae,160f2223-36f7-402e-9c8d-392a7a72e93a,PORT_IN,COMPLETED,2022-11-18T23:41:47,2021-04-21T06:36:16,,2022-11-18T23:41:47,2026-04-01T11:05:50.405125
e1043e3b-c828-4936-ab70-07d1951df34b,160f2223-36f7-402e-9c8d-392a7a72e93a,PLAN_CHANGE,COMPLETED,2023-05-26T19:32:34,2020-07-19T11:36:30,,2023-05-26T19:32:34,2026-04-01T11:05:50.405134
beea4a20-be5c-4675-8096-6c1dbccae086,4b1a8b29-5c59-417b-b336-beb94eb4d539,PORT_IN,COMPLETED,2020-03-17T13:42:08,2026-09-19T20:20:06,,2020-03-17T13:42:08,2026-04-01T11:05:50.405159
e725d7e7-dd43-42f3-9163-1f1c3c8b1af0,4b1a8b29-5c59-417b-b336-beb94eb4d539,ACTIVATE,COMPLETED,2022-06-25T07:01:45,2026-11-09T09:46:45,,2022-06-25T07:01:45,2026-04-01T11:05:50.405168
04c149a0-b70c-4958-be57-98848c068347,6a11f610-7c00-46ec-b250-3e69b9028158,TERMINATE,COMPLETED,2021-09-13T14:54:47,2021-11-27T21:24:16,,2021-09-13T14:54:47,2026-04-01T11:05:50.405191
8e555fa5-5843-42e0-83a7-fd40acfef392,6a11f610-7c00-46ec-b250-3e69b9028158,ACTIVATE,COMPLETED,2024-07-08T01:42:54,2025-06-15T17:22:05,,2024-07-08T01:42:54,2026-04-01T11:05:50.405201
bc6fdeb1-86d4-481f-8cda-92b987442c8a,aba9b553-5de0-4266-852d-7f6d2be5abe1,PLAN_CHANGE,COMPLETED,2020-04-05T09:35:47,2024-03-17T17:08:24,,2020-04-05T09:35:47,2026-04-01T11:05:50.405225
8501bb10-caf8-4840-b733-f0310a2e93f9,aba9b553-5de0-4266-852d-7f6d2be5abe1,ACTIVATE,IN_PROGRESS,2026-10-22T03:06:25,,,2026-10-22T03:06:25,2026-04-01T11:05:50.405234
706fab3f-a975-4afb-b958-55d3b79ecdeb,37cf7d20-609d-47ac-8b22-5a02fa9449fb,SIM_SWAP,COMPLETED,2024-01-27T20:06:42,2025-08-19T17:34:25,,2024-01-27T20:06:42,2026-04-01T11:05:50.405259
d2b12cad-5d6c-40a3-be19-527352cad5dd,37cf7d20-609d-47ac-8b22-5a02fa9449fb,PORT_IN,COMPLETED,2022-07-11T12:31:48,2021-10-04T05:25:18,,2022-07-11T12:31:48,2026-04-01T11:05:50.405268
13950875-6a4e-4a78-8e8d-1e1cfbae2b9b,3e71eaa2-8265-44dc-8b3e-3dfe21aec1a1,PORT_IN,COMPLETED,2024-02-25T00:47:38,2026-03-11T16:55:12,,2024-02-25T00:47:38,2026-04-01T11:05:50.405305
26ac060b-bf75-4d7a-8ad7-d83ce40dfa98,fcba9ede-f8b3-4b81-b6da-0d46948d5720,PLAN_CHANGE,COMPLETED,2023-08-14T04:18:04,2026-06-23T14:29:15,,2023-08-14T04:18:04,2026-04-01T11:05:50.405322
aa35d288-22a8-429f-a507-b4de3de6a83d,fcba9ede-f8b3-4b81-b6da-0d46948d5720,PORT_IN,IN_PROGRESS,2026-10-06T14:15:50,,,2026-10-06T14:15:50,2026-04-01T11:05:50.405329
d5e96032-d9fa-4d9f-9f6c-a4f902caee42,fcba9ede-f8b3-4b81-b6da-0d46948d5720,SIM_SWAP,COMPLETED,2025-08-10T20:07:51,2021-10-14T07:29:46,,2025-08-10T20:07:51,2026-04-01T11:05:50.405339
7d650c04-2e10-4937-a74f-f640ed7ac56a,fcba9ede-f8b3-4b81-b6da-0d46948d5720,PORT_IN,COMPLETED,2020-10-13T00:47:02,2025-10-29T15:55:24,,2020-10-13T00:47:02,2026-04-01T11:05:50.405348
a69fbb6c-f7dc-4b34-a5fe-f6202176cf10,fcba9ede-f8b3-4b81-b6da-0d46948d5720,ACTIVATE,COMPLETED,2020-10-15T13:16:56,2026-10-22T20:34:45,,2020-10-15T13:16:56,2026-04-01T11:05:50.405358
ac6dbb24-c51b-4691-ae37-896cfeba5a95,a7c187ac-63a9-444f-9ce2-a9b7a33f9627,ACTIVATE,COMPLETED,2025-05-30T06:16:06,2025-02-19T22:31:48,,2025-05-30T06:16:06,2026-04-01T11:05:50.405390
820c4d5a-ffbf-4c77-9bb2-321f73093fa2,a7c187ac-63a9-444f-9ce2-a9b7a33f9627,SIM_SWAP,COMPLETED,2022-09-29T08:21:18,2025-01-18T22:16:36,,2022-09-29T08:21:18,2026-04-01T11:05:50.405400
5762debe-5259-452f-a96b-3c312d1d5e68,a7c187ac-63a9-444f-9ce2-a9b7a33f9627,TERMINATE,IN_PROGRESS,2023-02-01T19:02:48,,,2023-02-01T19:02:48,2026-04-01T11:05:50.405407
64d6882f-db1c-4275-8a7f-6fadd4b5c7ae,157489a7-cae6-431f-8ce5-6dd723212a89,SIM_SWAP,COMPLETED,2021-06-10T04:38:18,2022-07-22T00:54:13,,2021-06-10T04:38:18,2026-04-01T11:05:50.405431
4d7b8d0b-2c4d-4cff-bb03-82f9aec5be7e,157489a7-cae6-431f-8ce5-6dd723212a89,SIM_SWAP,SUBMITTED,2026-07-16T09:09:37,,,2026-07-16T09:09:37,2026-04-01T11:05:50.405438
fdee229d-ad8a-4734-b894-e154cbb472bc,401275eb-c5d4-430d-97e9-0c3171db15b8,PORT_IN,COMPLETED,2025-08-14T10:33:23,2021-11-23T16:30:11,,2025-08-14T10:33:23,2026-04-01T11:05:50.405457
ae761217-8e45-403b-a888-ff83f8fb07c6,401275eb-c5d4-430d-97e9-0c3171db15b8,SIM_SWAP,COMPLETED,2025-06-05T12:00:42,2022-07-09T09:13:14,,2025-06-05T12:00:42,2026-04-01T11:05:50.405467
c64fc72f-d7d5-43a8-b083-08dc0226abcc,2c565b3b-9963-4858-8e3d-d744bf7332ef,TERMINATE,COMPLETED,2020-02-19T23:54:52,2022-07-24T23:12:23,,2020-02-19T23:54:52,2026-04-01T11:05:50.405485
24c45a00-ce8d-44f3-8557-506e132007a1,84c9b695-9abb-4cf9-be2d-35d54706165c,PLAN_CHANGE,COMPLETED,2026-05-10T16:15:15,2022-09-30T07:44:45,,2026-05-10T16:15:15,2026-04-01T11:05:50.405509
70fbd621-4ddb-49bd-a366-e2381cb96394,84c9b695-9abb-4cf9-be2d-35d54706165c,SIM_SWAP,COMPLETED,2025-02-11T05:02:38,2021-01-09T23:12:46,,2025-02-11T05:02:38,2026-04-01T11:05:50.405519
148f04ed-826a-4ef7-9686-e2100ace0215,84c9b695-9abb-4cf9-be2d-35d54706165c,PLAN_CHANGE,SUBMITTED,2020-09-17T04:33:19,,,2020-09-17T04:33:19,2026-04-01T11:05:50.405525
9685021b-b093-47c1-90d5-c77a276f9640,b2938107-b2d1-4e47-980f-007ac9a2eeca,PORT_IN,COMPLETED,2020-10-26T06:30:07,2022-03-19T03:34:37,,2020-10-26T06:30:07,2026-04-01T11:05:50.405542
733b6ac1-2dd0-4c96-a3cc-46644580ed22,b2938107-b2d1-4e47-980f-007ac9a2eeca,TERMINATE,COMPLETED,2022-05-30T19:31:19,2024-10-26T03:46:56,,2022-05-30T19:31:19,2026-04-01T11:05:50.405552
6d7046fe-79c1-4bab-b0f6-f3292221f23f,b2938107-b2d1-4e47-980f-007ac9a2eeca,TERMINATE,COMPLETED,2024-12-18T20:12:37,2025-02-11T00:16:48,,2024-12-18T20:12:37,2026-04-01T11:05:50.405562
141d108e-adb7-479d-b9aa-f87505cb4d69,b2938107-b2d1-4e47-980f-007ac9a2eeca,SIM_SWAP,COMPLETED,2024-07-25T19:17:31,2025-09-08T15:32:18,,2024-07-25T19:17:31,2026-04-01T11:05:50.405571
f490ec68-99bd-49cf-84a0-f69c41d43dbe,cb531a8a-1d50-4c04-a66f-0d6eda67b7dc,PLAN_CHANGE,COMPLETED,2020-01-27T10:57:32,2022-01-02T02:48:27,,2020-01-27T10:57:32,2026-04-01T11:05:50.405595
13fd63bd-f19c-447b-91e1-0d3921e34976,cb531a8a-1d50-4c04-a66f-0d6eda67b7dc,TERMINATE,COMPLETED,2023-06-01T03:59:55,2022-01-18T06:49:06,,2023-06-01T03:59:55,2026-04-01T11:05:50.405605
ffac9061-1ff1-4d16-9494-d4adf81c54da,cb531a8a-1d50-4c04-a66f-0d6eda67b7dc,TERMINATE,COMPLETED,2022-08-07T06:19:32,2025-04-16T03:43:19,,2022-08-07T06:19:32,2026-04-01T11:05:50.405614
081f5784-d339-45a6-9132-84941cb6cc71,8b15032e-7122-4b17-a0e3-24a4346c4457,TERMINATE,COMPLETED,2021-10-08T19:42:10,2025-04-24T20:38:50,,2021-10-08T19:42:10,2026-04-01T11:05:50.405631
758efed4-1fbf-4409-9f1a-a6c5a03b31cb,8b15032e-7122-4b17-a0e3-24a4346c4457,PORT_IN,COMPLETED,2024-09-03T23:17:14,2023-05-28T11:09:19,,2024-09-03T23:17:14,2026-04-01T11:05:50.405641
313bdf08-9a2b-40ed-ba2a-c902593721fd,8b15032e-7122-4b17-a0e3-24a4346c4457,PORT_IN,COMPLETED,2023-09-28T23:22:53,2023-06-15T13:36:25,,2023-09-28T23:22:53,2026-04-01T11:05:50.405650
80ff24c9-acdf-4917-a1d9-cec70fa43ac3,e627f69b-03d6-480f-a142-a2ca154998eb,SIM_SWAP,IN_PROGRESS,2023-01-28T00:52:45,,,2023-01-28T00:52:45,2026-04-01T11:05:50.405666
1f5bbc4e-2be7-4252-a556-3d50edac5f02,e627f69b-03d6-480f-a142-a2ca154998eb,PORT_IN,COMPLETED,2023-04-22T11:01:20,2023-08-27T17:35:47,,2023-04-22T11:01:20,2026-04-01T11:05:50.405676
322eea52-7f1e-4f22-9b75-600af8901da3,e627f69b-03d6-480f-a142-a2ca154998eb,SIM_SWAP,COMPLETED,2022-03-27T06:39:32,2021-03-13T02:15:10,,2022-03-27T06:39:32,2026-04-01T11:05:50.405685
46d17077-61ed-4b7a-906b-c45ac641f625,2df05163-0f95-4884-b44c-135d01ba51d2,TERMINATE,COMPLETED,2020-08-30T03:03:40,2024-02-22T14:59:18,,2020-08-30T03:03:40,2026-04-01T11:05:50.405710
b7b9dfd5-347f-45ec-b9a8-1fbfdd5a5564,2df05163-0f95-4884-b44c-135d01ba51d2,SIM_SWAP,COMPLETED,2021-03-30T15:08:56,2024-08-21T04:55:09,,2021-03-30T15:08:56,2026-04-01T11:05:50.405720
6fc730a3-7e70-4d3e-b781-b374120b4010,2df05163-0f95-4884-b44c-135d01ba51d2,PORT_IN,COMPLETED,2026-08-12T09:36:12,2022-10-01T10:36:34,,2026-08-12T09:36:12,2026-04-01T11:05:50.405729
00d33643-c9d2-49b6-bad7-48b4f52c2b13,2df05163-0f95-4884-b44c-135d01ba51d2,ACTIVATE,COMPLETED,2022-12-03T17:33:52,2021-07-29T02:55:50,,2022-12-03T17:33:52,2026-04-01T11:05:50.405740
a8204cfa-84e8-46d7-bafb-12fd8f3efec0,3cbfa7a4-a64f-4c3b-927e-9f4c4350fbfe,SIM_SWAP,IN_PROGRESS,2022-07-21T14:23:21,,,2022-07-21T14:23:21,2026-04-01T11:05:50.405754
b0b8aa0a-5448-4315-a7a4-dc5f11bd8606,3cbfa7a4-a64f-4c3b-927e-9f4c4350fbfe,ACTIVATE,SUBMITTED,2022-11-11T19:47:59,,,2022-11-11T19:47:59,2026-04-01T11:05:50.405761
18e23384-7269-4540-a4b1-9b5e43ba788c,3cbfa7a4-a64f-4c3b-927e-9f4c4350fbfe,ACTIVATE,COMPLETED,2024-08-09T13:25:51,2025-12-04T01:58:32,,2024-08-09T13:25:51,2026-04-01T11:05:50.405771
c35391f0-a2ee-42a4-ad5a-420f9d23b516,e2ef6940-8333-413f-9c0e-37962eed350d,ACTIVATE,COMPLETED,2026-04-05T03:34:10,2026-06-08T14:39:41,,2026-04-05T03:34:10,2026-04-01T11:05:50.405795
1198a208-c0e3-46ef-84cc-ecec23c3cf18,e2ef6940-8333-413f-9c0e-37962eed350d,SIM_SWAP,COMPLETED,2022-02-20T02:49:43,2025-03-22T14:56:56,,2022-02-20T02:49:43,2026-04-01T11:05:50.405805
022a5952-a4e3-40aa-89a9-3fb4aff0dd59,e2ef6940-8333-413f-9c0e-37962eed350d,TERMINATE,IN_PROGRESS,2021-09-15T20:21:04,,,2021-09-15T20:21:04,2026-04-01T11:05:50.405811
805796b2-c0db-42cf-81b5-41ee8deb8179,79f7da07-c57d-43d7-b3bb-9c617f81ff57,SIM_SWAP,IN_PROGRESS,2024-10-15T04:16:54,,,2024-10-15T04:16:54,2026-04-01T11:05:50.405832
921613ec-0cee-4554-8f8e-c1e67b184153,79f7da07-c57d-43d7-b3bb-9c617f81ff57,TERMINATE,IN_PROGRESS,2025-12-20T14:41:42,,,2025-12-20T14:41:42,2026-04-01T11:05:50.405839
3987136c-c17e-4165-b6b3-ee47ae0bdcb1,79f7da07-c57d-43d7-b3bb-9c617f81ff57,PLAN_CHANGE,IN_PROGRESS,2023-12-23T22:55:36,,,2023-12-23T22:55:36,2026-04-01T11:05:50.405845
dfbab40f-55fb-4338-a5c6-d369d4ff7791,a1e28bf1-b530-4c61-8e16-985b43e1e9f7,SIM_SWAP,COMPLETED,2022-05-05T06:19:10,2022-08-12T06:49:22,,2022-05-05T06:19:10,2026-04-01T11:05:50.405869
3a558451-2c2e-4a1a-af66-ba767d6377d3,a1e28bf1-b530-4c61-8e16-985b43e1e9f7,ACTIVATE,COMPLETED,2020-04-21T04:56:57,2024-03-16T00:28:55,,2020-04-21T04:56:57,2026-04-01T11:05:50.405878
34cb0dcb-b0e2-4ff8-88f0-9075f19e4969,16172428-0962-4325-bf4d-571a3cdcf1eb,PORT_IN,IN_PROGRESS,2025-10-16T03:10:48,,,2025-10-16T03:10:48,2026-04-01T11:05:50.405901
852a0d77-69e8-45d8-9189-aa955b36d200,16172428-0962-4325-bf4d-571a3cdcf1eb,PLAN_CHANGE,COMPLETED,2026-10-13T11:47:20,2021-01-06T16:23:30,,2026-10-13T11:47:20,2026-04-01T11:05:50.405913
0683f2a4-1151-4744-8aa8-c1aa47ed0c56,16172428-0962-4325-bf4d-571a3cdcf1eb,PORT_IN,SUBMITTED,2022-11-11T16:07:29,,,2022-11-11T16:07:29,2026-04-01T11:05:50.405921
4812a9ca-f8f2-4b3d-b076-da37bb60cb92,16172428-0962-4325-bf4d-571a3cdcf1eb,SIM_SWAP,COMPLETED,2024-09-16T12:54:06,2020-09-24T13:54:41,,2024-09-16T12:54:06,2026-04-01T11:05:50.405932
8299a9e5-386c-4edd-8e00-4c45785591b9,77755b65-01bd-4d81-be21-7ac12e8f9684,PORT_IN,IN_PROGRESS,2020-02-07T04:33:09,,,2020-02-07T04:33:09,2026-04-01T11:05:50.405953
d5a55379-f378-4cc5-8efd-7b5baaa8f712,77755b65-01bd-4d81-be21-7ac12e8f9684,SIM_SWAP,IN_PROGRESS,2020-06-08T01:38:51,,,2020-06-08T01:38:51,2026-04-01T11:05:50.405959
669b7dbe-fc80-4de8-8d59-98da9cc4a66c,77755b65-01bd-4d81-be21-7ac12e8f9684,PLAN_CHANGE,IN_PROGRESS,2024-03-02T19:26:52,,,2024-03-02T19:26:52,2026-04-01T11:05:50.405966
13c47154-45f3-4d06-bd0e-99f00e5c2e3c,18156809-99f7-4e13-ab48-dc81301a3415,SIM_SWAP,COMPLETED,2021-10-27T00:31:13,2022-12-22T19:20:01,,2021-10-27T00:31:13,2026-04-01T11:05:50.405983
77b29853-0653-4b90-9ebc-71a07de0fe29,18156809-99f7-4e13-ab48-dc81301a3415,PLAN_CHANGE,COMPLETED,2020-04-15T10:01:56,2024-07-27T01:34:24,,2020-04-15T10:01:56,2026-04-01T11:05:50.405993
56a2dc2e-46af-4898-84f3-35dc6f8d1026,18156809-99f7-4e13-ab48-dc81301a3415,ACTIVATE,IN_PROGRESS,2026-09-17T23:33:10,,,2026-09-17T23:33:10,2026-04-01T11:05:50.405999
4e097604-116e-4582-86d3-e999c8edae1d,f16e5772-b331-478c-ab28-d8fb688ecbac,ACTIVATE,COMPLETED,2026-01-07T14:08:54,2023-06-29T15:30:57,,2026-01-07T14:08:54,2026-04-01T11:05:50.406016
19a6e0f8-2a5e-42af-8731-bc5d1c542208,58cd3388-572d-424c-9b24-518e4dda55ed,PORT_IN,COMPLETED,2021-08-07T07:42:05,2023-03-02T19:06:15,,2021-08-07T07:42:05,2026-04-01T11:05:50.406045
2eba2be4-d1a5-4a98-bd52-ec4553505d95,58cd3388-572d-424c-9b24-518e4dda55ed,SIM_SWAP,COMPLETED,2022-07-15T08:11:46,2025-03-07T21:37:33,,2022-07-15T08:11:46,2026-04-01T11:05:50.406054
05d6d968-eea8-42a1-9f2c-111d2027d708,58cd3388-572d-424c-9b24-518e4dda55ed,PLAN_CHANGE,COMPLETED,2025-10-18T18:56:17,2023-09-05T13:23:42,,2025-10-18T18:56:17,2026-04-01T11:05:50.406064
bf3f40db-4625-4768-95df-8a479437f586,0bde54df-7915-4145-92d5-ffb3bb2bbd1a,SIM_SWAP,IN_PROGRESS,2025-10-08T10:21:57,,,2025-10-08T10:21:57,2026-04-01T11:05:50.406097
aa91b485-c521-405f-9c92-ac1cc221998c,0bde54df-7915-4145-92d5-ffb3bb2bbd1a,SIM_SWAP,SUBMITTED,2025-06-19T17:29:42,,,2025-06-19T17:29:42,2026-04-01T11:05:50.406105
f715a6b2-e12a-4040-aa7f-77f57067d852,29064011-c048-460c-b749-fd1513979422,SIM_SWAP,IN_PROGRESS,2022-07-19T14:53:07,,,2022-07-19T14:53:07,2026-04-01T11:05:50.406121
ad1748d0-f540-4d8c-aec2-aa2ded636505,29064011-c048-460c-b749-fd1513979422,ACTIVATE,COMPLETED,2021-06-01T11:19:28,2025-08-29T05:25:52,,2021-06-01T11:19:28,2026-04-01T11:05:50.406131
ef98bb79-0078-4123-976e-84aa64e595ee,29064011-c048-460c-b749-fd1513979422,ACTIVATE,COMPLETED,2025-09-23T06:09:53,2022-03-24T23:47:22,,2025-09-23T06:09:53,2026-04-01T11:05:50.406141
1455c4a8-2571-48ce-b2a4-3cbaeff52386,00ad31b4-b2e7-4345-a17a-c6c852e9eeec,PLAN_CHANGE,IN_PROGRESS,2025-12-14T05:23:10,,,2025-12-14T05:23:10,2026-04-01T11:05:50.406155
5333a0f9-a033-4753-9105-937458c4d3ea,ee93f915-c91f-42fc-a2f7-ac4d2e15ba81,TERMINATE,COMPLETED,2022-04-08T08:03:25,2024-09-21T15:29:20,,2022-04-08T08:03:25,2026-04-01T11:05:50.406172
a218519b-bc26-40f5-a4f0-adc889e5f7ca,ee93f915-c91f-42fc-a2f7-ac4d2e15ba81,TERMINATE,SUBMITTED,2021-07-11T23:19:00,,,2021-07-11T23:19:00,2026-04-01T11:05:50.406179
1ca5cf0b-9f1c-41b1-8f3c-91376730a05e,ee93f915-c91f-42fc-a2f7-ac4d2e15ba81,ACTIVATE,COMPLETED,2023-06-30T06:59:46,2020-08-30T13:08:09,,2023-06-30T06:59:46,2026-04-01T11:05:50.406189
6ceb21d0-a508-4262-996a-34d05a185c68,ee93f915-c91f-42fc-a2f7-ac4d2e15ba81,PLAN_CHANGE,FAILED,2025-05-23T05:48:51,2024-05-21T05:41:26,SYSTEM_ERROR,2025-05-23T05:48:51,2026-04-01T11:05:50.406198
1a12e11a-a203-4197-b0ba-1c4f4ab4d8ba,8c5e29f9-7d20-4870-8706-c14452bb17b1,PLAN_CHANGE,COMPLETED,2024-07-02T03:46:47,2022-04-23T14:09:43,,2024-07-02T03:46:47,2026-04-01T11:05:50.406215
7c8140a9-175b-49a6-ae61-94ffa4c38cf8,8c5e29f9-7d20-4870-8706-c14452bb17b1,SIM_SWAP,IN_PROGRESS,2023-02-02T10:00:40,,,2023-02-02T10:00:40,2026-04-01T11:05:50.406222
171a2f59-89ba-45a8-9239-596a62389ddc,8c5e29f9-7d20-4870-8706-c14452bb17b1,PLAN_CHANGE,COMPLETED,2025-11-17T03:49:40,2024-11-30T09:52:07,,2025-11-17T03:49:40,2026-04-01T11:05:50.406231
5ac49adc-5eeb-484c-8d86-b005e1e5131c,685fddfc-4be9-4d87-b431-896325860434,TERMINATE,COMPLETED,2024-04-11T08:07:40,2021-11-20T22:44:55,,2024-04-11T08:07:40,2026-04-01T11:05:50.406248
c7be133d-573f-45da-8ce5-b72282ce81af,685fddfc-4be9-4d87-b431-896325860434,TERMINATE,IN_PROGRESS,2025-06-18T09:14:33,,,2025-06-18T09:14:33,2026-04-01T11:05:50.406255
aab50a7c-bf06-4d68-b776-e42b52842413,81b7c8b5-76ef-4d80-8ee9-81110698aa3b,PORT_IN,IN_PROGRESS,2022-10-26T11:05:00,,,2022-10-26T11:05:00,2026-04-01T11:05:50.406285
9a2e6445-20a3-492e-a32a-49a8a1e93243,81b7c8b5-76ef-4d80-8ee9-81110698aa3b,SIM_SWAP,COMPLETED,2022-09-21T18:31:14,2021-03-01T22:31:35,,2022-09-21T18:31:14,2026-04-01T11:05:50.406294
00d86e6a-3211-41a4-a259-bd9ba9e647e0,3c81fafe-3337-482f-8078-25e5858a3b7d,TERMINATE,COMPLETED,2022-09-04T11:37:43,2024-09-23T12:45:47,,2022-09-04T11:37:43,2026-04-01T11:05:50.406318
bab0f355-6b9e-4f84-9cd6-cc68783ed802,3c81fafe-3337-482f-8078-25e5858a3b7d,PORT_IN,COMPLETED,2020-06-12T11:41:50,2026-06-06T16:02:25,,2020-06-12T11:41:50,2026-04-01T11:05:50.406329
20688cd7-4c73-4c9d-8ec4-67dcd1f794ba,41966400-5d7b-4c21-8681-ee7e1ba7afe9,PORT_IN,COMPLETED,2021-02-08T09:58:26,2022-11-04T11:52:43,,2021-02-08T09:58:26,2026-04-01T11:05:50.406348
2e576d19-9722-4190-9348-6163595b8a7c,41966400-5d7b-4c21-8681-ee7e1ba7afe9,ACTIVATE,COMPLETED,2023-11-10T11:15:17,2023-08-22T14:44:40,,2023-11-10T11:15:17,2026-04-01T11:05:50.406357
48198033-c613-4bfe-821a-182b1a1c1154,41966400-5d7b-4c21-8681-ee7e1ba7afe9,TERMINATE,COMPLETED,2022-12-13T05:13:35,2023-08-11T23:25:48,,2022-12-13T05:13:35,2026-04-01T11:05:50.406367
1baafb4e-173c-49c0-b50e-431a9b8dfefc,41966400-5d7b-4c21-8681-ee7e1ba7afe9,SIM_SWAP,COMPLETED,2023-11-28T05:54:31,2023-12-11T19:34:47,,2023-11-28T05:54:31,2026-04-01T11:05:50.406377
d424c5b8-5708-4cee-b56a-fd1e4aec0fa3,41966400-5d7b-4c21-8681-ee7e1ba7afe9,ACTIVATE,IN_PROGRESS,2022-07-21T10:53:19,,,2022-07-21T10:53:19,2026-04-01T11:05:50.406383
496363f1-90f6-4196-94cf-fad269c5f11e,55af8c5b-c42b-429b-a553-a8e26bfc6e0a,TERMINATE,IN_PROGRESS,2021-10-14T05:20:01,,,2021-10-14T05:20:01,2026-04-01T11:05:50.406404
e0919521-dbe5-4055-a6cd-b5b1be324c49,55af8c5b-c42b-429b-a553-a8e26bfc6e0a,TERMINATE,COMPLETED,2023-06-25T16:44:41,2026-01-13T05:25:39,,2023-06-25T16:44:41,2026-04-01T11:05:50.406414
4ca75910-6509-4610-8cc9-de1c84170e62,55af8c5b-c42b-429b-a553-a8e26bfc6e0a,PORT_IN,COMPLETED,2020-11-07T06:05:05,2022-12-14T04:45:21,,2020-11-07T06:05:05,2026-04-01T11:05:50.406425
a83a54c7-c78b-4dbb-af37-688ce9da7e28,3aefd2f8-78e7-47c4-b191-ffa022f0c80a,PLAN_CHANGE,COMPLETED,2023-04-18T19:36:05,2024-12-17T01:15:35,,2023-04-18T19:36:05,2026-04-01T11:05:50.406442
c52d90ac-ef51-400c-8f1e-f6e4d895fded,3aefd2f8-78e7-47c4-b191-ffa022f0c80a,PLAN_CHANGE,COMPLETED,2021-09-26T21:17:01,2022-10-01T07:28:41,,2021-09-26T21:17:01,2026-04-01T11:05:50.406451
43195cb0-3bcc-4566-9f1f-58d4c47439e7,49bbee43-f8b5-48eb-95c4-f0e409d10a55,TERMINATE,COMPLETED,2026-03-28T17:36:12,2026-07-07T12:40:36,,2026-03-28T17:36:12,2026-04-01T11:05:50.406469
a1ad0688-2b9e-47c9-9315-52603fc41980,b97e39f4-ac93-4c99-8150-b877716ef365,PLAN_CHANGE,FAILED,2021-07-04T10:55:52,2026-01-13T18:08:06,SYSTEM_ERROR,2021-07-04T10:55:52,2026-04-01T11:05:50.406493
fc1f6e9b-da1e-43fb-8482-ee900714f878,5b6d38d3-f8ae-463c-afb5-6d8fc1917c8d,PORT_IN,COMPLETED,2022-07-06T14:17:36,2026-12-09T14:31:37,,2022-07-06T14:17:36,2026-04-01T11:05:50.406517
c79bffcc-5307-445a-ae05-c2c1b7cc0ca0,5b6d38d3-f8ae-463c-afb5-6d8fc1917c8d,TERMINATE,COMPLETED,2024-11-21T02:10:01,2020-08-23T11:30:55,,2024-11-21T02:10:01,2026-04-01T11:05:50.406527
f423ddbb-9515-4ffe-8f66-04677e516e5f,5b6d38d3-f8ae-463c-afb5-6d8fc1917c8d,SIM_SWAP,SUBMITTED,2021-08-28T02:43:22,,,2021-08-28T02:43:22,2026-04-01T11:05:50.406534
9b645213-6bb4-4802-b035-9f535373093a,5b6d38d3-f8ae-463c-afb5-6d8fc1917c8d,TERMINATE,SUBMITTED,2026-05-22T08:57:46,,,2026-05-22T08:57:46,2026-04-01T11:05:50.406541
58b15cef-ef18-4959-8918-99ca84af703d,a5f6b74c-6ae8-41a9-90ab-dd2054974b22,PORT_IN,COMPLETED,2022-08-10T18:51:56,2021-08-13T17:43:37,,2022-08-10T18:51:56,2026-04-01T11:05:50.406561
efd1ed33-79c0-4d13-b009-7b1443581a8e,a5f6b74c-6ae8-41a9-90ab-dd2054974b22,SIM_SWAP,COMPLETED,2023-07-12T00:39:03,2026-08-03T03:49:04,,2023-07-12T00:39:03,2026-04-01T11:05:50.406571
fe1f36ad-8839-4dfc-a86b-0ea0bd2f5ecc,b9405874-cde2-4eab-b200-cda922104062,ACTIVATE,COMPLETED,2022-01-04T05:01:41,2023-09-21T02:06:25,,2022-01-04T05:01:41,2026-04-01T11:05:50.406588
7c92e968-97f0-4a51-9800-fa24da21a9f0,b9405874-cde2-4eab-b200-cda922104062,PORT_IN,COMPLETED,2026-06-09T22:43:24,2025-04-27T04:54:21,,2026-06-09T22:43:24,2026-04-01T11:05:50.406599
f0db43d1-644e-4218-8dcc-b83261c3369c,b9405874-cde2-4eab-b200-cda922104062,PORT_IN,IN_PROGRESS,2022-01-19T03:19:22,,,2022-01-19T03:19:22,2026-04-01T11:05:50.406606
c201e5b0-8488-465b-83ed-e58264c756d2,b9405874-cde2-4eab-b200-cda922104062,PLAN_CHANGE,COMPLETED,2022-10-29T15:05:11,2022-07-17T11:41:40,,2022-10-29T15:05:11,2026-04-01T11:05:50.406615
cd73c623-cd6f-4077-9add-02a5dd55b27e,2b09a1b9-4c16-4596-a506-4667f6a71422,TERMINATE,COMPLETED,2021-02-01T21:58:09,2021-12-25T14:45:54,,2021-02-01T21:58:09,2026-04-01T11:05:50.406646
4729b5d6-bdf3-4ddb-ad31-479974b28c4d,7dac5b0f-04db-4c61-89f7-13bedc08549b,PLAN_CHANGE,IN_PROGRESS,2021-05-07T09:59:18,,,2021-05-07T09:59:18,2026-04-01T11:05:50.406661
689e6f29-ec57-4b18-8e33-f9fa62e90410,7dac5b0f-04db-4c61-89f7-13bedc08549b,PLAN_CHANGE,SUBMITTED,2026-08-14T16:10:57,,,2026-08-14T16:10:57,2026-04-01T11:05:50.406674
d5094d11-e1de-4b99-97a4-07fe4d72c2c9,7dac5b0f-04db-4c61-89f7-13bedc08549b,PORT_IN,COMPLETED,2026-10-07T04:39:58,2026-02-22T12:50:28,,2026-10-07T04:39:58,2026-04-01T11:05:50.406685
ee07b706-e6eb-4d42-b715-6db140f00404,7dac5b0f-04db-4c61-89f7-13bedc08549b,SIM_SWAP,COMPLETED,2021-04-21T21:35:04,2021-08-02T07:52:31,,2021-04-21T21:35:04,2026-04-01T11:05:50.406695
1c91bced-df8c-4bbe-8f96-666edce704a5,3f1b57e1-860f-4ff2-95fe-68b80b27bcd7,TERMINATE,COMPLETED,2026-06-13T22:34:33,2022-04-03T09:20:08,,2026-06-13T22:34:33,2026-04-01T11:05:50.406720
48d9ba97-b5ae-4763-a6e5-b779412485a6,3f1b57e1-860f-4ff2-95fe-68b80b27bcd7,PORT_IN,COMPLETED,2025-01-08T06:18:40,2024-03-24T02:31:01,,2025-01-08T06:18:40,2026-04-01T11:05:50.406729
4028b898-35ce-4732-9892-9d293b5b400b,d1eb469b-7210-4d2c-9002-e5f0dc732411,SIM_SWAP,COMPLETED,2026-08-03T23:57:36,2020-07-15T17:01:03,,2026-08-03T23:57:36,2026-04-01T11:05:50.406753
3da66b95-6109-4521-991e-7b9d2d3806e3,d1eb469b-7210-4d2c-9002-e5f0dc732411,ACTIVATE,FAILED,2023-05-25T12:12:22,2024-11-11T23:32:33,SYSTEM_ERROR,2023-05-25T12:12:22,2026-04-01T11:05:50.406763
bc098736-0953-44cb-a85c-20cc6ecbeaaf,d1eb469b-7210-4d2c-9002-e5f0dc732411,PLAN_CHANGE,COMPLETED,2021-12-31T16:23:43,2021-02-08T14:11:57,,2021-12-31T16:23:43,2026-04-01T11:05:50.406775
45a9aea8-4a12-479c-9913-9fc4c88a49ba,7db2d76a-a4c4-41f3-8bfe-a16c86ac2655,SIM_SWAP,COMPLETED,2020-01-20T07:42:52,2021-12-26T12:52:14,,2020-01-20T07:42:52,2026-04-01T11:05:50.406803
4d19a251-6d36-41ac-ba5f-70d57904873d,7db2d76a-a4c4-41f3-8bfe-a16c86ac2655,PLAN_CHANGE,IN_PROGRESS,2024-03-02T12:02:09,,,2024-03-02T12:02:09,2026-04-01T11:05:50.406810
3e7eae8a-ae53-4e53-acdd-92658346c8a3,0fff5509-5652-4bb2-8552-47961bac04cd,PORT_IN,COMPLETED,2023-01-21T13:44:00,2024-03-24T08:53:57,,2023-01-21T13:44:00,2026-04-01T11:05:50.406828
ffc8ceff-139c-4a65-85f3-1a56a1ad1fe7,0fff5509-5652-4bb2-8552-47961bac04cd,PORT_IN,SUBMITTED,2022-02-15T15:16:38,,,2022-02-15T15:16:38,2026-04-01T11:05:50.406834
4134a98b-509f-4e38-a078-5c11c96d33a0,5e45fcf9-5dbb-49c5-a2f0-1122442cdb62,PLAN_CHANGE,COMPLETED,2024-06-05T06:05:35,2021-06-04T16:02:30,,2024-06-05T06:05:35,2026-04-01T11:05:50.406863
081a9967-de2e-4f08-bf82-6939b830e93f,5e45fcf9-5dbb-49c5-a2f0-1122442cdb62,PORT_IN,SUBMITTED,2025-05-15T03:07:14,,,2025-05-15T03:07:14,2026-04-01T11:05:50.406869
c090cef1-6bb1-4186-98f7-728eb56ad7f3,cb9d0faf-23e8-46f1-b65b-e1578d19e51e,PLAN_CHANGE,COMPLETED,2022-05-11T23:20:02,2023-10-30T08:58:11,,2022-05-11T23:20:02,2026-04-01T11:05:50.406894
6fee2f83-e142-4c0a-84e7-85191ae447ee,ce5d8263-9be0-4018-9ea1-6c42ff7a352f,PORT_IN,COMPLETED,2022-01-23T20:12:21,2020-04-13T14:04:53,,2022-01-23T20:12:21,2026-04-01T11:05:50.406911
5456edc8-60b2-4bc1-902e-3361fb6cd663,ce5d8263-9be0-4018-9ea1-6c42ff7a352f,PLAN_CHANGE,COMPLETED,2022-10-03T19:33:18,2026-02-19T10:03:07,,2022-10-03T19:33:18,2026-04-01T11:05:50.406921
9e752905-4989-4e84-a951-ce9139cfe140,0b3c93be-bfd3-4d14-8510-3c9043c73b13,PLAN_CHANGE,IN_PROGRESS,2020-08-27T12:49:36,,,2020-08-27T12:49:36,2026-04-01T11:05:50.406942
ac3f8c3b-2d1f-41d0-b2e3-e96c618879ac,0b3c93be-bfd3-4d14-8510-3c9043c73b13,PORT_IN,SUBMITTED,2020-05-24T18:34:04,,,2020-05-24T18:34:04,2026-04-01T11:05:50.406949
6925ca39-afd8-478a-b03a-e5256763f245,0b3c93be-bfd3-4d14-8510-3c9043c73b13,PORT_IN,COMPLETED,2026-05-29T20:24:18,2025-01-15T23:15:43,,2026-05-29T20:24:18,2026-04-01T11:05:50.406959
0864a098-fadf-4dfb-86a0-e596595507c9,88cd5a90-9145-4cc7-a377-184a09ca99d3,ACTIVATE,COMPLETED,2024-05-10T08:56:10,2024-11-03T09:09:02,,2024-05-10T08:56:10,2026-04-01T11:05:50.406984
38e2f6f7-d3a7-4b55-8e22-33a4faf33219,88cd5a90-9145-4cc7-a377-184a09ca99d3,PLAN_CHANGE,COMPLETED,2025-02-26T13:45:56,2024-07-05T04:53:40,,2025-02-26T13:45:56,2026-04-01T11:05:50.406994
394d9ac2-3496-44f0-afa7-e111e7d2353b,a7f29fe8-2dcb-4904-ab42-a2d15ac933bb,PLAN_CHANGE,IN_PROGRESS,2022-04-23T07:13:45,,,2022-04-23T07:13:45,2026-04-01T11:05:50.407016
8c7097fb-ac60-4a49-9bf8-e80b1f6ec1d5,9a55b853-79e2-4913-8a83-9b7be8216995,TERMINATE,FAILED,2025-01-26T09:57:53,2024-08-15T01:12:13,SYSTEM_ERROR,2025-01-26T09:57:53,2026-04-01T11:05:50.407040
b6cc5bc4-7655-468a-ae6b-f58e959cb5ad,f1d3d18b-9529-42f7-b8b5-a12754ea4ead,PLAN_CHANGE,COMPLETED,2026-04-26T04:41:25,2021-09-09T13:20:29,,2026-04-26T04:41:25,2026-04-01T11:05:50.407065
678dd258-4259-4b2a-8af3-376eece283bd,f1d3d18b-9529-42f7-b8b5-a12754ea4ead,SIM_SWAP,COMPLETED,2022-10-03T23:08:48,2026-11-05T19:33:47,,2022-10-03T23:08:48,2026-04-01T11:05:50.407074
4708930e-a255-420c-b902-bb705f2ccc9e,f1d3d18b-9529-42f7-b8b5-a12754ea4ead,ACTIVATE,SUBMITTED,2020-05-24T21:06:50,,,2020-05-24T21:06:50,2026-04-01T11:05:50.407081
0f7bba6d-efe0-4a2a-aaf2-aec6bcf4810d,f1d3d18b-9529-42f7-b8b5-a12754ea4ead,SIM_SWAP,SUBMITTED,2020-02-05T01:21:54,,,2020-02-05T01:21:54,2026-04-01T11:05:50.407088
f0cb216f-30be-4526-92c8-2a54ac151b07,43a72bdd-1a95-4b03-8f0e-8f27f276f496,TERMINATE,COMPLETED,2021-04-30T17:58:39,2026-03-12T20:30:44,,2021-04-30T17:58:39,2026-04-01T11:05:50.407125
f8844cb5-9aaf-4b35-94e2-aa687a6907b1,43a72bdd-1a95-4b03-8f0e-8f27f276f496,ACTIVATE,IN_PROGRESS,2023-02-25T22:54:57,,,2023-02-25T22:54:57,2026-04-01T11:05:50.407132
01b0e2d4-cec4-4b3c-9240-03ccf63acfbe,43a72bdd-1a95-4b03-8f0e-8f27f276f496,PORT_IN,SUBMITTED,2021-08-23T14:06:48,,,2021-08-23T14:06:48,2026-04-01T11:05:50.407139
2a77ebab-551a-4a77-95f2-0795925994d4,155eb42e-c865-496c-b435-cd851a8890cc,PORT_IN,COMPLETED,2026-07-23T18:11:28,2026-05-10T11:56:21,,2026-07-23T18:11:28,2026-04-01T11:05:50.407156
a354a397-2871-4eba-9801-5456bfeb9faa,155eb42e-c865-496c-b435-cd851a8890cc,SIM_SWAP,IN_PROGRESS,2020-12-14T11:04:11,,,2020-12-14T11:04:11,2026-04-01T11:05:50.407162
521c2214-fb49-49af-8635-4226319d8044,155eb42e-c865-496c-b435-cd851a8890cc,PLAN_CHANGE,COMPLETED,2024-05-31T04:07:59,2023-08-06T09:45:50,,2024-05-31T04:07:59,2026-04-01T11:05:50.407172
9bf8ae12-e6c3-4bc4-b6e2-a3a5b33a6d4d,dd709fc1-6029-4dfa-8744-13b13cbcea62,SIM_SWAP,IN_PROGRESS,2021-11-23T11:54:16,,,2021-11-23T11:54:16,2026-04-01T11:05:50.407186
9a040507-466f-480c-a9c8-1da62b88cc17,dd709fc1-6029-4dfa-8744-13b13cbcea62,ACTIVATE,COMPLETED,2025-11-01T00:31:20,2022-09-05T22:19:16,,2025-11-01T00:31:20,2026-04-01T11:05:50.407196
446624d4-e5ac-4981-893a-985c52d9184a,dd709fc1-6029-4dfa-8744-13b13cbcea62,PORT_IN,COMPLETED,2025-01-12T13:21:02,2020-11-24T10:35:02,,2025-01-12T13:21:02,2026-04-01T11:05:50.407205
41daef82-9c36-40e3-ba9f-adfe2e8e9f01,8f6c7b0b-af89-4fcd-84d2-128156e8320e,ACTIVATE,COMPLETED,2022-12-28T02:58:28,2023-07-29T16:57:07,,2022-12-28T02:58:28,2026-04-01T11:05:50.407236
313eb2c8-5cd6-495a-9af0-5a6f7f8c9f5a,7cede5ef-8b90-45ba-adbb-a31bf032d91e,ACTIVATE,IN_PROGRESS,2026-11-14T03:03:45,,,2026-11-14T03:03:45,2026-04-01T11:05:50.407259
3856d706-10e3-4568-86e6-2f1ae5bdb584,7cede5ef-8b90-45ba-adbb-a31bf032d91e,PLAN_CHANGE,SUBMITTED,2022-01-30T02:45:05,,,2022-01-30T02:45:05,2026-04-01T11:05:50.407266
e899e82e-38fc-462a-ae81-ac82cb0f6c4d,26e0d1c9-28b0-45ca-baa7-2ead1e5c58ff,PLAN_CHANGE,SUBMITTED,2020-09-07T14:11:32,,,2020-09-07T14:11:32,2026-04-01T11:05:50.407287
976ef079-f015-4bed-b61d-57e79b2e721d,26e0d1c9-28b0-45ca-baa7-2ead1e5c58ff,PLAN_CHANGE,COMPLETED,2022-03-20T08:09:56,2021-05-22T22:48:04,,2022-03-20T08:09:56,2026-04-01T11:05:50.407297
da55ee4e-05f9-4532-947e-44e5efaf45e7,f4d49950-c2d7-4c99-8df9-e65f8660625e,SIM_SWAP,COMPLETED,2022-09-13T16:00:41,2023-02-26T05:04:03,,2022-09-13T16:00:41,2026-04-01T11:05:50.407321
aa7cf098-1fd4-4776-8d41-0ea6e1268ab8,d2b68d0f-45a7-488e-b328-6f3afe002dd8,PORT_IN,COMPLETED,2026-08-02T05:02:44,2025-03-05T10:59:50,,2026-08-02T05:02:44,2026-04-01T11:05:50.407356
aa90687c-84a5-454f-bdaf-6dd13b61a20a,d2b68d0f-45a7-488e-b328-6f3afe002dd8,PLAN_CHANGE,COMPLETED,2024-07-09T14:55:57,2021-08-04T23:48:24,,2024-07-09T14:55:57,2026-04-01T11:05:50.407366
dd037d16-1e31-4fcc-9fbc-1289bcdfdd35,d2b68d0f-45a7-488e-b328-6f3afe002dd8,PORT_IN,COMPLETED,2024-09-14T00:55:08,2021-09-03T12:23:00,,2024-09-14T00:55:08,2026-04-01T11:05:50.407376
5e14fb12-7345-4d5b-9493-dd4e99e54fe9,ded1e82f-8275-40b1-bf0c-568b0d6e67bf,SIM_SWAP,COMPLETED,2023-10-13T06:01:31,2026-02-28T08:14:12,,2023-10-13T06:01:31,2026-04-01T11:05:50.407394
7d42a8f0-ba5e-4b69-8e21-18e9cd51c206,ded1e82f-8275-40b1-bf0c-568b0d6e67bf,PLAN_CHANGE,COMPLETED,2025-06-15T19:46:31,2025-06-19T21:03:22,,2025-06-15T19:46:31,2026-04-01T11:05:50.407403
e9ccac8d-a8e1-44b2-9e5a-638cc8f10b79,3b332bbe-f921-4739-b0af-b7d994a83660,PORT_IN,COMPLETED,2021-10-11T10:40:19,2026-11-10T03:38:08,,2021-10-11T10:40:19,2026-04-01T11:05:50.407429
099cde0f-b935-4c4f-aaa7-c6574e7bb83e,3b332bbe-f921-4739-b0af-b7d994a83660,PLAN_CHANGE,COMPLETED,2025-12-09T09:21:46,2024-02-22T18:30:04,,2025-12-09T09:21:46,2026-04-01T11:05:50.407439
471f070d-7a1b-466d-9230-dd3221ba5159,3b332bbe-f921-4739-b0af-b7d994a83660,SIM_SWAP,IN_PROGRESS,2020-03-13T14:23:26,,,2020-03-13T14:23:26,2026-04-01T11:05:50.407445
1f9cefe2-a2bb-430e-b67f-3ff3a584402b,edf99557-8175-4e27-9941-bd5a8d6f72e8,PLAN_CHANGE,COMPLETED,2026-06-02T07:45:37,2025-06-24T18:30:56,,2026-06-02T07:45:37,2026-04-01T11:05:50.407470
03f66e50-6739-433d-9a5c-98bfb3381cf1,edf99557-8175-4e27-9941-bd5a8d6f72e8,PLAN_CHANGE,SUBMITTED,2020-03-20T10:32:56,,,2020-03-20T10:32:56,2026-04-01T11:05:50.407477
73fe29fe-b846-4ac3-9c0c-186f761ddd3b,edf99557-8175-4e27-9941-bd5a8d6f72e8,TERMINATE,COMPLETED,2026-12-29T10:05:33,2022-12-25T02:28:24,,2026-12-29T10:05:33,2026-04-01T11:05:50.407487
fc027ca4-a7e8-4d6c-bc55-77797bcd87bd,edf99557-8175-4e27-9941-bd5a8d6f72e8,ACTIVATE,COMPLETED,2022-03-02T08:45:09,2025-04-24T07:14:40,,2022-03-02T08:45:09,2026-04-01T11:05:50.407497
4645aa65-6a46-44da-99b3-7112b6bf95a8,edf99557-8175-4e27-9941-bd5a8d6f72e8,TERMINATE,COMPLETED,2020-01-13T10:22:52,2021-08-21T08:20:31,,2020-01-13T10:22:52,2026-04-01T11:05:50.407507
9a5d24f2-9d58-49e5-9e49-43af70c40346,96104021-0e8d-4dae-bbb8-806a1afe3936,TERMINATE,COMPLETED,2023-04-25T23:03:47,2025-08-26T09:15:50,,2023-04-25T23:03:47,2026-04-01T11:05:50.407524
97e2933b-1452-4837-a7bd-57d9bc51197b,96104021-0e8d-4dae-bbb8-806a1afe3936,SIM_SWAP,COMPLETED,2024-03-20T13:44:52,2022-12-05T06:09:18,,2024-03-20T13:44:52,2026-04-01T11:05:50.407533
58a98c16-6f03-43d4-9aed-65abd7397538,96104021-0e8d-4dae-bbb8-806a1afe3936,ACTIVATE,COMPLETED,2020-04-13T00:41:41,2024-02-18T14:49:58,,2020-04-13T00:41:41,2026-04-01T11:05:50.407543
36304360-2d5a-429e-a5fc-5488b7ad850c,96104021-0e8d-4dae-bbb8-806a1afe3936,TERMINATE,COMPLETED,2021-08-27T14:40:24,2024-12-24T10:06:59,,2021-08-27T14:40:24,2026-04-01T11:05:50.407552
3bf7d1df-be5c-49a0-856d-8bde5998e3b1,30a92b11-8277-4ae9-810b-4d2ce9142b99,PORT_IN,COMPLETED,2020-03-10T03:03:55,2024-02-19T04:20:53,,2020-03-10T03:03:55,2026-04-01T11:05:50.407569
41bcfb76-40d8-4d5e-9179-e6c74fd5cd09,30a92b11-8277-4ae9-810b-4d2ce9142b99,SIM_SWAP,COMPLETED,2024-03-16T17:01:40,2024-06-08T05:20:39,,2024-03-16T17:01:40,2026-04-01T11:05:50.407579
9b93acfb-ed08-4f2a-ad0d-7d711f6fd4d6,22a86b0a-01f9-43a8-ae63-eaee7cac3739,PLAN_CHANGE,SUBMITTED,2021-06-24T15:04:59,,,2021-06-24T15:04:59,2026-04-01T11:05:50.407593
948541e7-c8e0-4f5c-9625-8d208c5a113b,22a86b0a-01f9-43a8-ae63-eaee7cac3739,SIM_SWAP,IN_PROGRESS,2021-02-22T16:10:45,,,2021-02-22T16:10:45,2026-04-01T11:05:50.407599
3cd4688c-d187-45b8-9a78-c69200c63ca0,22a86b0a-01f9-43a8-ae63-eaee7cac3739,ACTIVATE,COMPLETED,2024-01-02T10:05:26,2025-07-10T12:34:03,,2024-01-02T10:05:26,2026-04-01T11:05:50.407609
ac738e8e-5918-4514-ac27-83a367736d9f,22a86b0a-01f9-43a8-ae63-eaee7cac3739,PLAN_CHANGE,COMPLETED,2025-11-19T13:41:50,2026-02-23T02:52:13,,2025-11-19T13:41:50,2026-04-01T11:05:50.407619
7f1688da-1c4b-4c20-969a-767d2517e1df,a977d0f6-804e-4b41-9c77-bd819c878524,SIM_SWAP,COMPLETED,2022-08-10T04:55:08,2024-05-06T20:42:25,,2022-08-10T04:55:08,2026-04-01T11:05:50.407646
12258b75-ed4a-4d5d-b4e6-055b6b20fdfc,a977d0f6-804e-4b41-9c77-bd819c878524,PORT_IN,COMPLETED,2020-03-19T16:48:18,2026-03-02T02:02:12,,2020-03-19T16:48:18,2026-04-01T11:05:50.407657
7e88c642-fc8a-4bb7-b709-4f51b1ed26e0,a977d0f6-804e-4b41-9c77-bd819c878524,ACTIVATE,COMPLETED,2026-08-12T01:13:14,2023-12-02T22:05:37,,2026-08-12T01:13:14,2026-04-01T11:05:50.407667
bf577734-5045-4d7c-85b6-a679867b1486,040631fa-2144-4efb-86e0-f533c96b2c99,SIM_SWAP,COMPLETED,2026-10-24T08:21:12,2024-05-27T03:41:18,,2026-10-24T08:21:12,2026-04-01T11:05:50.407691
a55d98d0-e21a-48d5-89d6-f7ec916e5d70,040631fa-2144-4efb-86e0-f533c96b2c99,TERMINATE,FAILED,2025-01-23T00:28:38,2024-07-19T06:11:07,SYSTEM_ERROR,2025-01-23T00:28:38,2026-04-01T11:05:50.407701
65c80eae-1d27-436f-85ea-dd9251e3e345,040631fa-2144-4efb-86e0-f533c96b2c99,PLAN_CHANGE,COMPLETED,2020-06-19T12:51:06,2022-03-30T18:47:47,,2020-06-19T12:51:06,2026-04-01T11:05:50.407711
cc8c24ac-e0c5-47d8-bff5-7299f05e25a8,5e8bb5e9-3a08-4f8b-bcb0-479426c59c19,PORT_IN,COMPLETED,2022-01-11T10:13:31,2023-09-02T14:25:38,,2022-01-11T10:13:31,2026-04-01T11:05:50.407735
c5ed1699-4d50-4055-8208-8c925b0b87e8,5e8bb5e9-3a08-4f8b-bcb0-479426c59c19,PLAN_CHANGE,COMPLETED,2021-11-07T15:30:35,2020-11-14T19:06:56,,2021-11-07T15:30:35,2026-04-01T11:05:50.407745
b6bbc9b4-1b09-404c-85b9-e632b31a760b,5e8bb5e9-3a08-4f8b-bcb0-479426c59c19,SIM_SWAP,COMPLETED,2020-01-02T00:39:03,2020-01-01T09:28:24,,2020-01-02T00:39:03,2026-04-01T11:05:50.407754
b03dc2dd-16c2-402c-b8e7-71bb0bf79a4a,70389672-23af-4258-9a0b-6f38b5bcb60c,PLAN_CHANGE,COMPLETED,2020-05-23T03:19:09,2021-05-07T20:47:43,,2020-05-23T03:19:09,2026-04-01T11:05:50.407778
8892bfad-96da-4fee-952f-ac771b55e39a,70389672-23af-4258-9a0b-6f38b5bcb60c,PLAN_CHANGE,IN_PROGRESS,2020-05-04T15:11:00,,,2020-05-04T15:11:00,2026-04-01T11:05:50.407785
155f650c-d691-4d86-ae81-186605250b5f,67bd8ea5-0d52-472b-8a09-b273504abf96,ACTIVATE,COMPLETED,2021-09-19T06:04:25,2020-06-01T15:27:53,,2021-09-19T06:04:25,2026-04-01T11:05:50.407802
a547e683-6b0d-4982-9370-452eb4603e1b,67bd8ea5-0d52-472b-8a09-b273504abf96,ACTIVATE,COMPLETED,2025-03-22T13:11:00,2020-09-15T08:45:18,,2025-03-22T13:11:00,2026-04-01T11:05:50.407813
6a11eaa5-7c06-4dea-92ed-2bcf91b6f9af,7929f661-906b-462f-bb62-2a446b3cb23d,PORT_IN,COMPLETED,2020-01-08T20:02:55,2026-04-08T22:31:50,,2020-01-08T20:02:55,2026-04-01T11:05:50.407829
bbcc30fc-7240-465c-9adc-319ea8c24922,7929f661-906b-462f-bb62-2a446b3cb23d,SIM_SWAP,SUBMITTED,2022-08-06T22:54:47,,,2022-08-06T22:54:47,2026-04-01T11:05:50.407837
ebafcc84-6f38-4bc3-aa56-48b6c8f2205d,7929f661-906b-462f-bb62-2a446b3cb23d,TERMINATE,COMPLETED,2020-12-28T19:23:29,2021-11-02T11:42:57,,2020-12-28T19:23:29,2026-04-01T11:05:50.407846
776ac157-85e5-402e-a736-29a847f49631,1090765f-6249-4563-a29a-13662f6a2619,PORT_IN,COMPLETED,2025-07-18T21:34:26,2020-12-20T19:16:56,,2025-07-18T21:34:26,2026-04-01T11:05:50.407872
e47fbcba-6f25-409e-a4a3-99fe0eb027db,1090765f-6249-4563-a29a-13662f6a2619,PORT_IN,COMPLETED,2021-07-17T10:59:22,2026-01-17T21:10:56,,2021-07-17T10:59:22,2026-04-01T11:05:50.407881
eb1b1f01-de45-4174-8a9a-329f74fe1c68,47640576-cd49-4f5b-a07a-5a3647a5a692,PORT_IN,COMPLETED,2024-03-09T17:59:25,2022-06-16T18:22:47,,2024-03-09T17:59:25,2026-04-01T11:05:50.407918
437c2dd2-0ceb-4590-b390-8836b5a9e22b,47640576-cd49-4f5b-a07a-5a3647a5a692,PORT_IN,IN_PROGRESS,2024-07-29T22:48:06,,,2024-07-29T22:48:06,2026-04-01T11:05:50.407925
fecf87d8-05f6-4b18-851a-3828bc885a41,ff85f983-0c00-4a5c-9a9d-4c0ba0746d42,PLAN_CHANGE,FAILED,2022-05-07T17:40:06,2020-04-06T00:01:18,SYSTEM_ERROR,2022-05-07T17:40:06,2026-04-01T11:05:50.407949
11df905a-82db-48e8-9be9-7da46cbfe457,ff85f983-0c00-4a5c-9a9d-4c0ba0746d42,ACTIVATE,COMPLETED,2021-05-10T06:11:52,2020-10-01T08:28:07,,2021-05-10T06:11:52,2026-04-01T11:05:50.407959
1d5d755b-63d6-4fe7-a60e-6a1bd72ab519,ff85f983-0c00-4a5c-9a9d-4c0ba0746d42,TERMINATE,SUBMITTED,2024-09-24T11:42:25,,,2024-09-24T11:42:25,2026-04-01T11:05:50.407966
ff13b815-155e-41a9-9fda-5e401024d648,eb181151-7c11-4fba-bbc7-83891d4f7640,PORT_IN,COMPLETED,2023-12-10T00:16:44,2026-01-16T03:27:44,,2023-12-10T00:16:44,2026-04-01T11:05:50.407991
0fb3c2a9-7695-47a1-a294-f00b8e0eb98a,eb181151-7c11-4fba-bbc7-83891d4f7640,PORT_IN,COMPLETED,2026-08-01T19:56:22,2020-04-21T12:02:31,,2026-08-01T19:56:22,2026-04-01T11:05:50.408000
3ff9b17a-a76b-4b6d-aa29-66971357b556,eb181151-7c11-4fba-bbc7-83891d4f7640,PLAN_CHANGE,SUBMITTED,2020-12-21T15:16:34,,,2020-12-21T15:16:34,2026-04-01T11:05:50.408007
07f507d5-b47e-474c-a0a1-9c23b400594e,eb181151-7c11-4fba-bbc7-83891d4f7640,TERMINATE,COMPLETED,2021-01-20T14:24:47,2025-04-06T01:20:19,,2021-01-20T14:24:47,2026-04-01T11:05:50.408016
5546faec-f94d-4b61-a026-7bde31fc5069,d4f2ffd9-9b74-4918-bfba-dbfcef7b1ef4,PORT_IN,COMPLETED,2020-04-25T16:28:04,2023-01-30T22:36:24,,2020-04-25T16:28:04,2026-04-01T11:05:50.408034
3b2920e2-5326-4ff7-8d0c-d17420e48998,d4f2ffd9-9b74-4918-bfba-dbfcef7b1ef4,ACTIVATE,COMPLETED,2026-01-03T20:46:03,2025-10-17T15:11:57,,2026-01-03T20:46:03,2026-04-01T11:05:50.408044
05f41b56-3bde-499c-8efd-aa13da8f12c4,d4f2ffd9-9b74-4918-bfba-dbfcef7b1ef4,TERMINATE,SUBMITTED,2025-01-24T09:54:10,,,2025-01-24T09:54:10,2026-04-01T11:05:50.408050
55137eb7-975f-43c3-b121-a4e95eaab277,d4f2ffd9-9b74-4918-bfba-dbfcef7b1ef4,ACTIVATE,IN_PROGRESS,2023-09-19T13:07:43,,,2023-09-19T13:07:43,2026-04-01T11:05:50.408057
b44011fb-ceae-497f-b35c-43c97540b6b5,70765a0b-f45f-4f91-999e-9eb08f039d34,ACTIVATE,COMPLETED,2025-07-13T07:45:28,2021-02-19T05:08:08,,2025-07-13T07:45:28,2026-04-01T11:05:50.408082
475a8372-0dbb-4c0f-998a-a329782721d4,70765a0b-f45f-4f91-999e-9eb08f039d34,PORT_IN,COMPLETED,2026-10-14T18:01:28,2020-03-25T22:33:57,,2026-10-14T18:01:28,2026-04-01T11:05:50.408093
22a7ec57-b771-46c7-ab1b-38a4a7e7b315,70765a0b-f45f-4f91-999e-9eb08f039d34,ACTIVATE,COMPLETED,2024-02-17T20:34:06,2023-02-16T13:35:44,,2024-02-17T20:34:06,2026-04-01T11:05:50.408103
76eed915-43e1-430a-9ddc-991c208c022c,37688e56-2ab9-4b2c-ab9d-ee2f43387446,PLAN_CHANGE,SUBMITTED,2021-07-17T03:01:10,,,2021-07-17T03:01:10,2026-04-01T11:05:50.408118
a64ffc50-aefa-4e60-91ec-5eb2dd5f53a3,d01d0a89-3fb9-42b0-8e95-70986860a7e9,SIM_SWAP,COMPLETED,2023-05-15T04:47:44,2020-09-02T16:50:00,,2023-05-15T04:47:44,2026-04-01T11:05:50.408142
ffa58167-e8b6-41b3-b2d3-173b40971550,d01d0a89-3fb9-42b0-8e95-70986860a7e9,ACTIVATE,COMPLETED,2021-04-06T16:42:17,2023-05-27T04:20:58,,2021-04-06T16:42:17,2026-04-01T11:05:50.408152
2fc65f60-f71a-4f12-b577-b76f725707cc,d01d0a89-3fb9-42b0-8e95-70986860a7e9,PORT_IN,IN_PROGRESS,2022-09-25T15:51:13,,,2022-09-25T15:51:13,2026-04-01T11:05:50.408159
924aefc0-9d2f-4ea5-8d00-e49f999fd14b,4872a5f4-1272-43dc-a55a-33d7c7e48eb1,PORT_IN,IN_PROGRESS,2025-05-10T16:04:36,,,2025-05-10T16:04:36,2026-04-01T11:05:50.408180
0ac38867-172d-4c43-9b96-cf9c6257b059,4872a5f4-1272-43dc-a55a-33d7c7e48eb1,PORT_IN,COMPLETED,2024-01-21T07:52:16,2020-06-24T10:49:25,,2024-01-21T07:52:16,2026-04-01T11:05:50.408190
b86b68b7-b228-4873-9908-609cc10ef18c,4872a5f4-1272-43dc-a55a-33d7c7e48eb1,PORT_IN,COMPLETED,2020-04-23T06:42:46,2025-01-16T19:53:55,,2020-04-23T06:42:46,2026-04-01T11:05:50.408200
9598b9a1-af03-4d6a-a3b9-84a18c872355,4872a5f4-1272-43dc-a55a-33d7c7e48eb1,TERMINATE,COMPLETED,2022-07-09T23:58:08,2024-07-23T20:55:48,,2022-07-09T23:58:08,2026-04-01T11:05:50.408210
e6c58efe-e4da-474c-b4ff-f3bd9cfc83eb,ab628fdd-2e73-4a93-b38b-fa401c10452d,SIM_SWAP,COMPLETED,2020-06-12T11:17:25,2023-05-28T17:38:20,,2020-06-12T11:17:25,2026-04-01T11:05:50.408234
5ae770b3-2222-4a87-90d2-5a974e9dbd18,ab628fdd-2e73-4a93-b38b-fa401c10452d,TERMINATE,COMPLETED,2023-06-16T15:32:31,2026-04-13T21:38:38,,2023-06-16T15:32:31,2026-04-01T11:05:50.408244
d640b2d3-124d-40f8-8d64-1e3d0b865441,a976ec1a-da94-44db-8929-c8ac3879883b,SIM_SWAP,COMPLETED,2026-11-29T20:04:16,2023-03-29T19:32:14,,2026-11-29T20:04:16,2026-04-01T11:05:50.408261
c0f0390d-8cd9-4524-b266-d70eba188563,a976ec1a-da94-44db-8929-c8ac3879883b,SIM_SWAP,COMPLETED,2023-07-06T10:58:15,2023-06-08T06:52:21,,2023-07-06T10:58:15,2026-04-01T11:05:50.408271
13ae04f2-e88b-41a4-9fb6-c8a13f878e8a,a976ec1a-da94-44db-8929-c8ac3879883b,PORT_IN,COMPLETED,2025-10-21T21:26:17,2022-02-10T19:56:50,,2025-10-21T21:26:17,2026-04-01T11:05:50.408282
8deaf61c-b581-4464-9240-6dd9a3bd5936,a976ec1a-da94-44db-8929-c8ac3879883b,SIM_SWAP,COMPLETED,2021-07-24T22:18:12,2026-02-01T17:20:13,,2021-07-24T22:18:12,2026-04-01T11:05:50.408292
a40477b5-cf92-4c52-b713-dfe50faa9d74,aac071fb-46d9-4d6b-bb17-74df7bcca0ba,PORT_IN,IN_PROGRESS,2026-09-15T20:53:21,,,2026-09-15T20:53:21,2026-04-01T11:05:50.408308
9599b446-7b4e-43bf-a388-cc999d183bc9,aac071fb-46d9-4d6b-bb17-74df7bcca0ba,TERMINATE,COMPLETED,2024-03-15T07:25:30,2025-02-23T17:21:09,,2024-03-15T07:25:30,2026-04-01T11:05:50.408318
67d58e71-8f74-4adf-8073-5d06801e60ad,764d2113-55ca-4072-b0dd-e83b75dfcd2c,SIM_SWAP,COMPLETED,2026-07-18T08:32:36,2020-07-27T13:40:31,,2026-07-18T08:32:36,2026-04-01T11:05:50.408343
06a445f5-3e12-41de-a080-a86b9ba457df,bb16c4c9-75c0-4156-b65f-1d639ad097ee,PORT_IN,SUBMITTED,2026-01-01T08:08:50,,,2026-01-01T08:08:50,2026-04-01T11:05:50.408366
7352f93d-2ff4-472d-b562-8121ddbb69ea,bb16c4c9-75c0-4156-b65f-1d639ad097ee,ACTIVATE,COMPLETED,2022-04-19T01:57:42,2021-04-01T10:39:46,,2022-04-19T01:57:42,2026-04-01T11:05:50.408376
c243122e-4328-4987-b37b-2862eff845a9,bb16c4c9-75c0-4156-b65f-1d639ad097ee,TERMINATE,IN_PROGRESS,2023-02-09T09:27:15,,,2023-02-09T09:27:15,2026-04-01T11:05:50.408383
2c0a5987-d8b4-4aab-be40-bfa043d4bafc,11684e40-2c01-443c-9c74-6af1c18f852f,TERMINATE,SUBMITTED,2026-01-27T19:01:10,,,2026-01-27T19:01:10,2026-04-01T11:05:50.408404
cd77f52e-440f-4da5-9870-854155f9ef73,11684e40-2c01-443c-9c74-6af1c18f852f,PORT_IN,IN_PROGRESS,2023-01-09T15:07:06,,,2023-01-09T15:07:06,2026-04-01T11:05:50.408410
f5e59de7-0183-433f-8291-16415fccb178,11684e40-2c01-443c-9c74-6af1c18f852f,PLAN_CHANGE,IN_PROGRESS,2022-06-24T07:29:39,,,2022-06-24T07:29:39,2026-04-01T11:05:50.408417
d75af982-add2-40d9-8ab8-5be08ae46d74,148d2032-2224-4aaa-b9a1-4ffb45db3b2c,ACTIVATE,IN_PROGRESS,2024-05-02T14:13:14,,,2024-05-02T14:13:14,2026-04-01T11:05:50.408431
7ea6b7fa-80b1-4c20-a40e-7270268fc1d3,c759a720-5593-4990-9294-b7f83b59e464,TERMINATE,COMPLETED,2023-01-17T06:56:43,2023-11-03T10:01:31,,2023-01-17T06:56:43,2026-04-01T11:05:50.408448
5fee31f3-c496-47d0-a960-79da3ac1cbfa,c759a720-5593-4990-9294-b7f83b59e464,PLAN_CHANGE,COMPLETED,2025-09-09T19:24:53,2024-03-07T04:45:04,,2025-09-09T19:24:53,2026-04-01T11:05:50.408457
902198f1-cc2c-4b1a-a916-510a68be51e6,c759a720-5593-4990-9294-b7f83b59e464,PORT_IN,IN_PROGRESS,2026-09-27T22:43:24,,,2026-09-27T22:43:24,2026-04-01T11:05:50.408464
eb4d762f-9ace-408c-9cfd-b5adc9c51ea0,d94dc747-4ed7-48dc-8554-c65a1f422436,ACTIVATE,COMPLETED,2025-04-07T00:43:59,2025-01-26T22:51:01,,2025-04-07T00:43:59,2026-04-01T11:05:50.408482
1d9490f4-adec-44a3-8d41-6755db221aaf,d94dc747-4ed7-48dc-8554-c65a1f422436,PORT_IN,COMPLETED,2024-05-11T18:22:23,2024-11-22T23:28:58,,2024-05-11T18:22:23,2026-04-01T11:05:50.408492
d6fac3c1-bd59-431b-a623-e6403acc752c,d94dc747-4ed7-48dc-8554-c65a1f422436,SIM_SWAP,COMPLETED,2024-10-03T02:27:16,2024-02-10T08:30:10,,2024-10-03T02:27:16,2026-04-01T11:05:50.408501
abc9d31a-4b41-4e2e-a080-a08868f4e649,b5c182c1-5448-4d6f-976e-d579fcb97068,PLAN_CHANGE,SUBMITTED,2024-02-02T01:48:14,,,2024-02-02T01:48:14,2026-04-01T11:05:50.408519
d447d801-bbe6-448a-951d-a971142445c9,b5c182c1-5448-4d6f-976e-d579fcb97068,ACTIVATE,SUBMITTED,2021-01-13T19:44:35,,,2021-01-13T19:44:35,2026-04-01T11:05:50.408526
85cafe65-31d2-4c26-8738-74f5380f06a2,b5c182c1-5448-4d6f-976e-d579fcb97068,PORT_IN,COMPLETED,2025-11-21T08:28:09,2023-02-14T05:14:26,,2025-11-21T08:28:09,2026-04-01T11:05:50.408536
0fae0a1f-56d0-4a61-bd94-36742fbcf541,b5c182c1-5448-4d6f-976e-d579fcb97068,ACTIVATE,IN_PROGRESS,2023-06-30T05:33:04,,,2023-06-30T05:33:04,2026-04-01T11:05:50.408543
eec1aafb-e7f0-4f69-a9d3-47e837f6e757,7fdc4db1-a1a2-4ec0-8322-bd21d883de69,TERMINATE,FAILED,2021-11-18T07:01:51,2020-11-11T02:49:06,SYSTEM_ERROR,2021-11-18T07:01:51,2026-04-01T11:05:50.408561
532c45e5-4656-4b47-afaa-c4be0ba790d1,593d5794-ff77-4375-ab64-9cff8f33486e,PLAN_CHANGE,SUBMITTED,2025-12-25T05:15:50,,,2025-12-25T05:15:50,2026-04-01T11:05:50.408575
9e8ea443-b9fc-486e-b6a7-592104c4b1f9,593d5794-ff77-4375-ab64-9cff8f33486e,ACTIVATE,COMPLETED,2023-01-20T16:52:01,2024-06-01T04:10:03,,2023-01-20T16:52:01,2026-04-01T11:05:50.408585
12542fab-d4a4-4d0b-a724-4b117316397c,b826abc6-d95e-4a24-949e-6a6aad277410,SIM_SWAP,IN_PROGRESS,2026-10-18T01:04:24,,,2026-10-18T01:04:24,2026-04-01T11:05:50.408605
e8902a28-2410-4479-a578-465f9c6873a2,b826abc6-d95e-4a24-949e-6a6aad277410,PORT_IN,COMPLETED,2025-03-02T16:51:31,2026-03-04T17:46:25,,2025-03-02T16:51:31,2026-04-01T11:05:50.408614
9aa927be-5f0c-4aa9-86d3-a4fb6209c305,1f272803-f130-43d9-96e4-64336959a422,PORT_IN,IN_PROGRESS,2022-10-26T16:59:26,,,2022-10-26T16:59:26,2026-04-01T11:05:50.408629
bae28e39-5953-431b-92c8-eb2ac709b813,1f272803-f130-43d9-96e4-64336959a422,SIM_SWAP,COMPLETED,2021-06-01T01:13:04,2023-05-07T03:38:57,,2021-06-01T01:13:04,2026-04-01T11:05:50.408639
b88ed250-e003-43c6-bd29-b57a2567d6c9,1f272803-f130-43d9-96e4-64336959a422,SIM_SWAP,COMPLETED,2024-08-16T12:24:19,2025-06-18T06:48:01,,2024-08-16T12:24:19,2026-04-01T11:05:50.408649
e897c114-c7c0-42b9-af87-639f1f84f37c,e5ec2c7a-5a1a-4846-81a8-6043d0c3d396,SIM_SWAP,COMPLETED,2021-08-05T00:57:14,2025-06-16T12:29:45,,2021-08-05T00:57:14,2026-04-01T11:05:50.408666
ffbfa319-65c5-4b29-82a0-014f4c8a8228,e5ec2c7a-5a1a-4846-81a8-6043d0c3d396,PORT_IN,COMPLETED,2025-03-20T11:56:13,2020-07-29T07:09:57,,2025-03-20T11:56:13,2026-04-01T11:05:50.408682
8f782412-0dda-46b0-b65f-901d3b91b4a7,e5ec2c7a-5a1a-4846-81a8-6043d0c3d396,PORT_IN,COMPLETED,2021-02-18T09:23:03,2024-11-10T02:38:18,,2021-02-18T09:23:03,2026-04-01T11:05:50.408692
8c696da5-105d-4ca8-aabf-a620bc78890f,eba42145-7d80-49d2-b72d-4fff09bee876,TERMINATE,IN_PROGRESS,2025-09-06T05:00:06,,,2025-09-06T05:00:06,2026-04-01T11:05:50.408707
18fadb5a-aaa8-471d-8b55-3fbff42bd08e,eba42145-7d80-49d2-b72d-4fff09bee876,TERMINATE,IN_PROGRESS,2023-01-09T01:01:32,,,2023-01-09T01:01:32,2026-04-01T11:05:50.408714
05ae6664-862c-4eb7-ac53-dfd1433d570d,f8a92cce-293f-40ec-a97e-f74bbf65ece8,TERMINATE,SUBMITTED,2025-06-19T13:48:32,,,2025-06-19T13:48:32,2026-04-01T11:05:50.408736
cdfbfbfe-58d6-4d28-9f00-8a345d52e1fb,02c9e183-22fd-4395-88c3-09853bb9b58b,ACTIVATE,COMPLETED,2022-12-30T04:09:48,2026-12-01T12:17:25,,2022-12-30T04:09:48,2026-04-01T11:05:50.408760
b82034df-1a3d-4d7b-98b2-04d041e45ce0,02c9e183-22fd-4395-88c3-09853bb9b58b,PLAN_CHANGE,SUBMITTED,2022-06-21T01:02:19,,,2022-06-21T01:02:19,2026-04-01T11:05:50.408766
631c6eb3-f2cb-462b-b599-aaa37a2a580b,55fb8a4b-5bfb-45d5-9b11-9fb54703ea5a,SIM_SWAP,COMPLETED,2022-05-12T00:04:10,2025-05-30T02:14:29,,2022-05-12T00:04:10,2026-04-01T11:05:50.408784
ebe13d68-1199-4c8f-affd-5d52206e349a,45706e64-33bd-41c5-ab95-bb0957c79d18,SIM_SWAP,COMPLETED,2024-03-04T15:16:36,2023-08-30T16:09:42,,2024-03-04T15:16:36,2026-04-01T11:05:50.408802
5143c42c-ce0b-4a76-aabd-f9d1b8494a44,45706e64-33bd-41c5-ab95-bb0957c79d18,PLAN_CHANGE,COMPLETED,2026-08-12T16:43:17,2022-07-15T00:27:30,,2026-08-12T16:43:17,2026-04-01T11:05:50.408812
9f83bc9c-6ab7-4b2f-a34a-7a0f89ae9c80,45706e64-33bd-41c5-ab95-bb0957c79d18,PORT_IN,COMPLETED,2023-01-19T10:32:19,2020-07-29T18:19:51,,2023-01-19T10:32:19,2026-04-01T11:05:50.408822
d0bfcdc7-a473-4ada-a1e7-e15b161734e5,a25dc453-a791-436f-a9cb-cc2dd88095c4,PORT_IN,COMPLETED,2021-02-07T22:34:32,2024-09-13T18:21:19,,2021-02-07T22:34:32,2026-04-01T11:05:50.408839
853bc65d-1997-4f4d-91f8-f2c13d815583,a25dc453-a791-436f-a9cb-cc2dd88095c4,ACTIVATE,COMPLETED,2020-11-28T07:10:39,2023-07-09T01:27:25,,2020-11-28T07:10:39,2026-04-01T11:05:50.408849
089e7f8c-56fe-4d04-8031-730130add264,a25dc453-a791-436f-a9cb-cc2dd88095c4,SIM_SWAP,FAILED,2024-11-05T04:26:30,2024-02-26T03:19:15,SYSTEM_ERROR,2024-11-05T04:26:30,2026-04-01T11:05:50.408859
2decaebb-8c6e-4610-ba3c-e1a5e640adb0,08a35650-c8aa-49e9-bb45-ba1990717eb5,PLAN_CHANGE,COMPLETED,2021-09-06T17:27:31,2020-07-29T00:30:11,,2021-09-06T17:27:31,2026-04-01T11:05:50.408889
c86cbd93-3ec7-4ded-b21c-0429e9075b60,08a35650-c8aa-49e9-bb45-ba1990717eb5,SIM_SWAP,COMPLETED,2020-05-13T04:18:53,2026-05-31T02:02:10,,2020-05-13T04:18:53,2026-04-01T11:05:50.408899
864ed9f0-0b0e-4019-b614-8e935fbe23a4,08a35650-c8aa-49e9-bb45-ba1990717eb5,ACTIVATE,FAILED,2023-06-22T10:06:02,2020-06-10T19:00:52,SYSTEM_ERROR,2023-06-22T10:06:02,2026-04-01T11:05:50.408908
7c03e035-68c0-41bd-95f0-a7fc2b1411a8,08a35650-c8aa-49e9-bb45-ba1990717eb5,PORT_IN,COMPLETED,2022-02-26T05:57:25,2021-03-16T08:37:18,,2022-02-26T05:57:25,2026-04-01T11:05:50.408918
3a1d6f60-affe-4bc9-934e-856ad3544d44,1f0603c7-9389-475c-9233-1ffae534e7ea,SIM_SWAP,SUBMITTED,2026-10-20T07:44:18,,,2026-10-20T07:44:18,2026-04-01T11:05:50.408939
452febfd-1aa2-4540-a185-502a576242af,1f0603c7-9389-475c-9233-1ffae534e7ea,TERMINATE,COMPLETED,2021-10-28T22:30:51,2023-06-09T09:41:45,,2021-10-28T22:30:51,2026-04-01T11:05:50.408949
b20bb613-7930-4a19-8172-6efa1d9f1835,65f36822-d5d3-486f-a712-fc76885bb3e6,ACTIVATE,COMPLETED,2021-09-27T01:05:03,2021-08-27T03:28:08,,2021-09-27T01:05:03,2026-04-01T11:05:50.408967
0a589f2c-84d4-4918-a361-961501860c30,65f36822-d5d3-486f-a712-fc76885bb3e6,SIM_SWAP,COMPLETED,2021-09-03T23:04:18,2026-06-30T07:45:30,,2021-09-03T23:04:18,2026-04-01T11:05:50.408977
f90e951d-f57b-409d-aedc-f6e9588fa6a1,65f36822-d5d3-486f-a712-fc76885bb3e6,TERMINATE,COMPLETED,2024-11-18T13:07:59,2026-08-04T09:59:45,,2024-11-18T13:07:59,2026-04-01T11:05:50.408987
5d5f2a4c-912d-4662-8d11-f468ffa63e75,9961153f-71fa-4f7a-9a91-562c86a5f640,SIM_SWAP,COMPLETED,2024-06-16T22:55:20,2024-09-25T21:20:58,,2024-06-16T22:55:20,2026-04-01T11:05:50.409011
43fd657c-1aca-4c00-ae8a-9c2f51cbd9b9,9961153f-71fa-4f7a-9a91-562c86a5f640,PLAN_CHANGE,COMPLETED,2026-05-09T22:11:00,2022-10-23T13:05:31,,2026-05-09T22:11:00,2026-04-01T11:05:50.409021
e2baf587-0084-46ac-bd3d-b68d677e4d63,9961153f-71fa-4f7a-9a91-562c86a5f640,TERMINATE,IN_PROGRESS,2023-10-02T04:02:56,,,2023-10-02T04:02:56,2026-04-01T11:05:50.409028
04de97ff-92ba-43e7-9108-e3ae907e742e,506e13c4-eb07-4c0f-a1f3-031d07a492b2,PORT_IN,SUBMITTED,2023-11-05T19:23:21,,,2023-11-05T19:23:21,2026-04-01T11:05:50.409042
885c2ed0-893b-49ab-a833-2b1debb6cf9d,506e13c4-eb07-4c0f-a1f3-031d07a492b2,TERMINATE,COMPLETED,2025-08-14T06:13:09,2023-01-25T16:25:56,,2025-08-14T06:13:09,2026-04-01T11:05:50.409052
c9957c05-049f-42de-b77f-d3a6ab487a84,506e13c4-eb07-4c0f-a1f3-031d07a492b2,PORT_IN,COMPLETED,2025-12-05T18:39:59,2020-06-10T14:46:37,,2025-12-05T18:39:59,2026-04-01T11:05:50.409062
791659b1-7fa1-497c-9689-aa66a0e27210,33678fa3-8ac6-4a05-8955-8db72e134169,TERMINATE,COMPLETED,2026-10-29T18:14:59,2022-07-01T14:16:19,,2026-10-29T18:14:59,2026-04-01T11:05:50.409086
a0861c33-5150-464d-b88f-8b78a218f88d,33678fa3-8ac6-4a05-8955-8db72e134169,PORT_IN,COMPLETED,2020-06-07T07:42:57,2022-12-22T00:33:14,,2020-06-07T07:42:57,2026-04-01T11:05:50.409096
6d3d2a22-74f4-4789-9798-d224433dc5ab,77439361-d053-4dc8-9437-d1ed0063ccd3,PLAN_CHANGE,IN_PROGRESS,2024-05-12T17:46:21,,,2024-05-12T17:46:21,2026-04-01T11:05:50.409127
37b7f1d3-4cb6-4810-a33e-36acc8764d39,77439361-d053-4dc8-9437-d1ed0063ccd3,PLAN_CHANGE,COMPLETED,2020-02-28T21:27:05,2025-05-19T00:06:08,,2020-02-28T21:27:05,2026-04-01T11:05:50.409137
a811b300-fa86-499c-9ac6-955ba0cfd13c,77439361-d053-4dc8-9437-d1ed0063ccd3,PORT_IN,COMPLETED,2022-11-23T05:42:18,2021-10-24T13:13:46,,2022-11-23T05:42:18,2026-04-01T11:05:50.409147
555e9f83-c282-4ffe-9d1a-705ec17dda1d,77439361-d053-4dc8-9437-d1ed0063ccd3,SIM_SWAP,COMPLETED,2021-11-02T11:06:48,2026-01-30T22:35:40,,2021-11-02T11:06:48,2026-04-01T11:05:50.409157
0159c6fd-d0d1-4634-8e6d-04b6633f65cb,10b92de3-aadd-4bfd-8b63-17cd8ef58866,TERMINATE,SUBMITTED,2022-02-14T17:16:46,,,2022-02-14T17:16:46,2026-04-01T11:05:50.409185
7bafa18b-d04d-4afb-9b36-6c17c47955e6,10b92de3-aadd-4bfd-8b63-17cd8ef58866,TERMINATE,COMPLETED,2020-12-19T02:10:09,2025-12-30T06:30:59,,2020-12-19T02:10:09,2026-04-01T11:05:50.409195
16a068ad-168a-402c-95a3-6fad5d588307,99b0735f-ad10-48e4-bee9-d9beb38f875b,PLAN_CHANGE,FAILED,2026-07-29T23:44:04,2025-07-17T17:49:29,SYSTEM_ERROR,2026-07-29T23:44:04,2026-04-01T11:05:50.409220
e73a48a8-dad2-4a87-b57e-b1cead62c527,99b0735f-ad10-48e4-bee9-d9beb38f875b,ACTIVATE,IN_PROGRESS,2024-05-05T10:41:23,,,2024-05-05T10:41:23,2026-04-01T11:05:50.409227
0aea631b-dc22-4c53-9765-d7d54793addf,99b0735f-ad10-48e4-bee9-d9beb38f875b,ACTIVATE,COMPLETED,2020-05-29T14:12:00,2024-03-05T20:21:26,,2020-05-29T14:12:00,2026-04-01T11:05:50.409236
