subscription_id,subscriber_id,product_id,start_date,end_date,status,recurring_fee,currency_code,created_ts,updated_ts
76935b8d-fb4a-4482-990c-3ac2ea7062b3,801f0e24-37e9-4c47-910f-97f9c256fcdc,21383148-5185-41af-9f0c-9fe69628a16a,2022-09-16,,ACTIVE,6.48,EUR,2022-09-16T00:57:58,2026-04-01T11:05:50.400928
7c4a0502-012a-42d9-bdf8-3f20e78c651f,1cd0f16c-d37a-4878-8f4a-656f94c158c8,600c8311-f7c2-414e-aeb8-641930b65a58,2022-02-28,,ACTIVE,81.13,EUR,2022-02-28T19:41:25,2026-04-01T11:05:50.401033
622a87b1-1476-4f3a-b304-16d1a3254b75,837b3ed9-44bd-4be9-bdbd-8fcf93758558,81186764-d43c-4dbd-959c-6e1c9c0f3e5c,2025-10-19,,ACTIVE,81.11,EUR,2025-10-19T05:27:14,2026-04-01T11:05:50.401076
c7903291-fa41-4488-830a-c461ae5f331c,362354ba-7dae-4d91-82cf-8cace40e8189,ab8bd7e8-32cb-4c86-a637-84a52e653f17,2026-03-14,,ACTIVE,7.44,EUR,2026-03-14T05:20:13,2026-04-01T11:05:50.401112
3ea5a0ca-7f45-4e36-93aa-0c3c5eff5d29,e9e2f658-b20c-4827-a44f-ee7300d687b5,57341419-fbd3-4bc4-94a5-9d5b0c225c49,2024-01-06,,SUSPENDED,33.21,EUR,2024-01-06T05:15:41,2026-04-01T11:05:50.401168
d7b334e9-4c0a-466a-a5cf-f8f71c60ad8d,160f2223-36f7-402e-9c8d-392a7a72e93a,1688b7e0-dae8-4b51-981c-446a94dc8fc1,2023-01-31,,ACTIVE,65.65,EUR,2023-01-31T02:59:09,2026-04-01T11:05:50.401200
578d5ce1-3258-4575-bca8-d9ded53f3bfa,4b1a8b29-5c59-417b-b336-beb94eb4d539,cf4e38c3-9146-44aa-8169-2eb3daef19f8,2022-12-09,,ACTIVE,39.33,EUR,2022-12-09T05:05:04,2026-04-01T11:05:50.401231
f550c668-58e1-481c-8b34-a34637e7734a,6a11f610-7c00-46ec-b250-3e69b9028158,7f8fd882-f10f-4fb5-9149-70d8fba0630a,2022-05-11,,SUSPENDED,65.19,EUR,2022-05-11T21:26:24,2026-04-01T11:05:50.401264
36bcb69e-506c-459b-8d63-512f4e9d5dac,aba9b553-5de0-4266-852d-7f6d2be5abe1,6a0266a2-2bf8-4a3f-b5d8-62a782510afb,2025-06-05,,ACTIVE,54.57,EUR,2025-06-05T19:38:34,2026-04-01T11:05:50.401313
c0984cdb-4c77-43c8-a95b-4d54ff6136e8,aba9b553-5de0-4266-852d-7f6d2be5abe1,886af87f-3c35-473f-93d2-f4ddb67537b1,2022-06-04,,ACTIVE,36.12,EUR,2022-06-04T11:07:57,2026-04-01T11:05:50.401362
09eb1a0d-25ac-4920-ad2a-83907ceabfae,37cf7d20-609d-47ac-8b22-5a02fa9449fb,cf4e38c3-9146-44aa-8169-2eb3daef19f8,2025-03-28,,ACTIVE,94.9,EUR,2025-03-28T23:51:31,2026-04-01T11:05:50.401416
f846ea88-580b-4129-bd46-79455d4a379b,37cf7d20-609d-47ac-8b22-5a02fa9449fb,4faf6a04-903a-4f7d-ab89-a9c5f75263b7,2024-11-10,,ACTIVE,82.51,EUR,2024-11-10T14:27:38,2026-04-01T11:05:50.401463
92571678-a3d2-4b39-878f-b984973eda84,3e71eaa2-8265-44dc-8b3e-3dfe21aec1a1,7f8fd882-f10f-4fb5-9149-70d8fba0630a,2025-01-14,2022-11-02,CANCELLED,62.37,EUR,2025-01-14T05:56:02,2026-04-01T11:05:50.401502
823b14ad-180c-4d16-b4f9-ca76e992e9ea,fcba9ede-f8b3-4b81-b6da-0d46948d5720,6a0266a2-2bf8-4a3f-b5d8-62a782510afb,2024-03-03,,ACTIVE,35.27,EUR,2024-03-03T04:49:20,2026-04-01T11:05:50.401547
a6159da3-1c77-4b4e-ad82-940268bb0736,a7c187ac-63a9-444f-9ce2-a9b7a33f9627,5d94714c-6670-4fbd-a102-c6cda9584ae7,2021-02-25,,ACTIVE,88.92,EUR,2021-02-25T17:17:45,2026-04-01T11:05:50.401595
c93f3b75-acfb-48ef-92bc-df6ea97ffabc,157489a7-cae6-431f-8ce5-6dd723212a89,1688b7e0-dae8-4b51-981c-446a94dc8fc1,2023-01-29,,ACTIVE,62.14,EUR,2023-01-29T13:07:07,2026-04-01T11:05:50.401640
3ab50374-de93-4058-b5e6-2ffc1922d6e5,157489a7-cae6-431f-8ce5-6dd723212a89,c271c2ec-3dea-4a43-88e0-09c8e6c3a63b,2025-03-06,2020-05-31,CANCELLED,8.72,EUR,2025-03-06T09:08:53,2026-04-01T11:05:50.401693
58c775f2-18aa-43e8-936d-5beb25948b57,401275eb-c5d4-430d-97e9-0c3171db15b8,81186764-d43c-4dbd-959c-6e1c9c0f3e5c,2023-11-17,,ACTIVE,51.91,EUR,2023-11-17T12:05:35,2026-04-01T11:05:50.401726
7dc3838d-8a71-430b-a710-e22216c21415,2c565b3b-9963-4858-8e3d-d744bf7332ef,1688b7e0-dae8-4b51-981c-446a94dc8fc1,2020-02-12,,SUSPENDED,73.8,EUR,2020-02-12T04:06:20,2026-04-01T11:05:50.401771
fcbb976c-4fff-4b77-915a-08bff435c61d,84c9b695-9abb-4cf9-be2d-35d54706165c,cf4e38c3-9146-44aa-8169-2eb3daef19f8,2020-11-03,,ACTIVE,82.19,EUR,2020-11-03T08:21:44,2026-04-01T11:05:50.401821
361c76f0-daa0-4a85-b330-a44092fbbf5b,b2938107-b2d1-4e47-980f-007ac9a2eeca,81186764-d43c-4dbd-959c-6e1c9c0f3e5c,2021-08-29,2024-08-19,CANCELLED,16.63,EUR,2021-08-29T18:56:54,2026-04-01T11:05:50.401859
b6d33f86-1559-4282-8195-a33761e8e414,cb531a8a-1d50-4c04-a66f-0d6eda67b7dc,d6dc2351-3eb8-4989-8ac2-018fb2eee7e8,2022-07-14,,ACTIVE,12.87,EUR,2022-07-14T02:16:49,2026-04-01T11:05:50.401891
5416abf5-e433-4d7d-8706-4df76acfe176,8b15032e-7122-4b17-a0e3-24a4346c4457,5d94714c-6670-4fbd-a102-c6cda9584ae7,2020-02-23,,ACTIVE,22.85,EUR,2020-02-23T21:13:29,2026-04-01T11:05:50.401922
b82bb877-2a89-488f-b1a2-ef35a33decc6,e627f69b-03d6-480f-a142-a2ca154998eb,37cfe665-b2d1-4652-a42b-64d8b25d94e7,2021-06-16,,ACTIVE,47.98,EUR,2021-06-16T07:58:23,2026-04-01T11:05:50.401968
8a3f1274-d52e-46bc-9017-8a1c53a28a55,2df05163-0f95-4884-b44c-135d01ba51d2,d87da7af-9507-423f-bdac-359beaaf4a97,2023-06-12,,ACTIVE,88.24,EUR,2023-06-12T18:41:06,2026-04-01T11:05:50.402003
d46866cf-c9be-406f-9fa0-c22915bce00e,3cbfa7a4-a64f-4c3b-927e-9f4c4350fbfe,57341419-fbd3-4bc4-94a5-9d5b0c225c49,2023-12-12,,ACTIVE,38.67,EUR,2023-12-12T08:07:59,2026-04-01T11:05:50.402038
431dbd81-7e17-4544-922d-593bdb9f36db,e2ef6940-8333-413f-9c0e-37962eed350d,600c8311-f7c2-414e-aeb8-641930b65a58,2024-09-26,,ACTIVE,61.43,EUR,2024-09-26T06:18:12,2026-04-01T11:05:50.402084
e4f167fd-836f-467d-81ec-886c1edc10a9,79f7da07-c57d-43d7-b3bb-9c617f81ff57,dba4f485-38d3-443f-ab59-83e5a0621599,2021-03-30,,SUSPENDED,59.65,EUR,2021-03-30T07:07:03,2026-04-01T11:05:50.402116
042c99ac-d67c-4120-8fa8-be1054b61dd2,a1e28bf1-b530-4c61-8e16-985b43e1e9f7,ab8bd7e8-32cb-4c86-a637-84a52e653f17,2025-07-21,,ACTIVE,65.51,EUR,2025-07-21T06:10:50,2026-04-01T11:05:50.402160
73504f81-3296-4c9d-b992-1e45eb9032b5,a1e28bf1-b530-4c61-8e16-985b43e1e9f7,4faf6a04-903a-4f7d-ab89-a9c5f75263b7,2023-06-04,,ACTIVE,11.6,EUR,2023-06-04T22:15:10,2026-04-01T11:05:50.402191
10a454f7-f54f-4b05-be1e-0df538a30d2c,16172428-0962-4325-bf4d-571a3cdcf1eb,20cf2595-8da1-4dd9-aef1-942bcec4a1b5,2021-12-28,,ACTIVE,77.22,EUR,2021-12-28T08:56:04,2026-04-01T11:05:50.402226
a1b39730-b0f1-41c1-878d-0733ca71c813,77755b65-01bd-4d81-be21-7ac12e8f9684,d6dc2351-3eb8-4989-8ac2-018fb2eee7e8,2021-03-24,,ACTIVE,99.09,EUR,2021-03-24T01:52:01,2026-04-01T11:05:50.402258
1899cb5a-8957-469f-b983-22832779e88f,77755b65-01bd-4d81-be21-7ac12e8f9684,2821bee6-9ab9-43cf-afaa-e6e644c9b3e1,2025-01-27,2022-11-20,CANCELLED,39.61,EUR,2025-01-27T15:47:22,2026-04-01T11:05:50.402310
69f26634-976c-47b1-a5ef-d25b507ec1e2,18156809-99f7-4e13-ab48-dc81301a3415,20cf2595-8da1-4dd9-aef1-942bcec4a1b5,2021-08-28,,ACTIVE,18.46,EUR,2021-08-28T13:54:14,2026-04-01T11:05:50.402355
e1593b4e-d455-41de-89c4-c95075eeb007,f16e5772-b331-478c-ab28-d8fb688ecbac,5d94714c-6670-4fbd-a102-c6cda9584ae7,2024-03-27,,SUSPENDED,69.49,EUR,2024-03-27T20:06:17,2026-04-01T11:05:50.402386
93ba01b5-84a0-4e05-a4e8-8059819c6b5e,58cd3388-572d-424c-9b24-518e4dda55ed,ab8bd7e8-32cb-4c86-a637-84a52e653f17,2023-06-20,,ACTIVE,37.61,EUR,2023-06-20T06:02:37,2026-04-01T11:05:50.402435
addecff4-31cb-4234-ab4a-c72776906adc,0bde54df-7915-4145-92d5-ffb3bb2bbd1a,20cf2595-8da1-4dd9-aef1-942bcec4a1b5,2025-08-05,,ACTIVE,54.7,EUR,2025-08-05T21:09:29,2026-04-01T11:05:50.402466
71a083ff-ab37-4772-b875-e05ce72162fd,29064011-c048-460c-b749-fd1513979422,cf4e38c3-9146-44aa-8169-2eb3daef19f8,2020-03-04,,ACTIVE,61.34,EUR,2020-03-04T14:02:13,2026-04-01T11:05:50.402497
ab648f67-355a-45b0-9a11-5f073c32034d,29064011-c048-460c-b749-fd1513979422,2821bee6-9ab9-43cf-afaa-e6e644c9b3e1,2025-08-18,,ACTIVE,13.17,EUR,2025-08-18T21:49:35,2026-04-01T11:05:50.402542
76c0ad71-f3bb-4341-a0e0-af8aa1e98bfd,00ad31b4-b2e7-4345-a17a-c6c852e9eeec,600c8311-f7c2-414e-aeb8-641930b65a58,2024-09-26,,SUSPENDED,92.42,EUR,2024-09-26T12:57:06,2026-04-01T11:05:50.402688
9dec5e5e-d477-481d-ba92-d64d81e92a05,ee93f915-c91f-42fc-a2f7-ac4d2e15ba81,5d94714c-6670-4fbd-a102-c6cda9584ae7,2023-05-18,,ACTIVE,64.69,EUR,2023-05-18T09:05:19,2026-04-01T11:05:50.402716
1686f85c-ce55-44ef-9a49-1922137cc9bc,8c5e29f9-7d20-4870-8706-c14452bb17b1,6a0266a2-2bf8-4a3f-b5d8-62a782510afb,2025-04-02,,ACTIVE,43.97,EUR,2025-04-02T11:27:29,2026-04-01T11:05:50.402739
2abfb610-4a8a-43e4-ab38-1ab1dfac50fe,685fddfc-4be9-4d87-b431-896325860434,cf4e38c3-9146-44aa-8169-2eb3daef19f8,2022-09-20,,ACTIVE,56.61,EUR,2022-09-20T18:32:23,2026-04-01T11:05:50.402754
566f7bce-dc72-463c-ac53-6feb97229449,81b7c8b5-76ef-4d80-8ee9-81110698aa3b,57341419-fbd3-4bc4-94a5-9d5b0c225c49,2020-08-10,,ACTIVE,66.74,EUR,2020-08-10T02:03:17,2026-04-01T11:05:50.402776
24db2a31-ea0f-4684-8388-08e109b9596f,3c81fafe-3337-482f-8078-25e5858a3b7d,1688b7e0-dae8-4b51-981c-446a94dc8fc1,2022-04-19,,ACTIVE,52.05,EUR,2022-04-19T16:09:35,2026-04-01T11:05:50.402799
47b810d3-43e3-49f6-80df-f752f3589808,3c81fafe-3337-482f-8078-25e5858a3b7d,c271c2ec-3dea-4a43-88e0-09c8e6c3a63b,2020-10-02,,SUSPENDED,54.38,EUR,2020-10-02T00:09:38,2026-04-01T11:05:50.402820
b795bab3-2218-4ec0-a7bf-12030ae3f0b7,41966400-5d7b-4c21-8681-ee7e1ba7afe9,dba4f485-38d3-443f-ab59-83e5a0621599,2026-02-17,,ACTIVE,86.63,EUR,2026-02-17T08:52:39,2026-04-01T11:05:50.402843
74f0db9c-f0e9-466c-a2e6-52d57e4d73a9,55af8c5b-c42b-429b-a553-a8e26bfc6e0a,dba4f485-38d3-443f-ab59-83e5a0621599,2021-11-30,,ACTIVE,50.24,EUR,2021-11-30T16:47:44,2026-04-01T11:05:50.402858
5334ebaa-1da3-4da4-9eb1-51c0217594a9,3aefd2f8-78e7-47c4-b191-ffa022f0c80a,600c8311-f7c2-414e-aeb8-641930b65a58,2024-04-29,,ACTIVE,82.28,EUR,2024-04-29T22:51:06,2026-04-01T11:05:50.402872
6e654284-46ac-4cbc-8c1d-930268bf0eee,3aefd2f8-78e7-47c4-b191-ffa022f0c80a,4faf6a04-903a-4f7d-ab89-a9c5f75263b7,2020-06-23,,SUSPENDED,48.54,EUR,2020-06-23T11:08:29,2026-04-01T11:05:50.402893
ebc870e1-aff1-4bae-a782-d3aaa21a3a75,49bbee43-f8b5-48eb-95c4-f0e409d10a55,d87da7af-9507-423f-bdac-359beaaf4a97,2021-09-12,,ACTIVE,48.65,EUR,2021-09-12T11:41:46,2026-04-01T11:05:50.402916
4f7cc859-3c81-46c1-8093-fb974b9cd14b,b97e39f4-ac93-4c99-8150-b877716ef365,d6dc2351-3eb8-4989-8ac2-018fb2eee7e8,2024-03-22,,ACTIVE,72.31,EUR,2024-03-22T15:38:42,2026-04-01T11:05:50.402931
fbb0f86b-1d4d-4cea-8a31-208ced67dc45,5b6d38d3-f8ae-463c-afb5-6d8fc1917c8d,1688b7e0-dae8-4b51-981c-446a94dc8fc1,2020-04-30,,ACTIVE,15.09,EUR,2020-04-30T23:10:14,2026-04-01T11:05:50.402951
2c587671-8bae-403f-b5b2-dae40d9477d3,a5f6b74c-6ae8-41a9-90ab-dd2054974b22,37cfe665-b2d1-4652-a42b-64d8b25d94e7,2021-12-13,,ACTIVE,44.91,EUR,2021-12-13T23:57:24,2026-04-01T11:05:50.402966
bcc53bcd-7e01-4fbc-8cc4-a25a36ef83d1,a5f6b74c-6ae8-41a9-90ab-dd2054974b22,c271c2ec-3dea-4a43-88e0-09c8e6c3a63b,2020-10-25,,ACTIVE,84.86,EUR,2020-10-25T14:48:23,2026-04-01T11:05:50.402982
f4eddd52-f850-478a-8a6c-9a7ba7dd5dee,b9405874-cde2-4eab-b200-cda922104062,57341419-fbd3-4bc4-94a5-9d5b0c225c49,2023-03-17,,ACTIVE,82.31,EUR,2023-03-17T07:12:47,2026-04-01T11:05:50.403004
9ac9465b-b92f-46ff-908f-e448a5589332,2b09a1b9-4c16-4596-a506-4667f6a71422,6a0266a2-2bf8-4a3f-b5d8-62a782510afb,2024-07-29,,ACTIVE,22.6,EUR,2024-07-29T18:34:55,2026-04-01T11:05:50.403026
9a7b7ed2-bead-4939-8f9c-51579544d7d8,7dac5b0f-04db-4c61-89f7-13bedc08549b,d6dc2351-3eb8-4989-8ac2-018fb2eee7e8,2025-08-13,,SUSPENDED,86.08,EUR,2025-08-13T11:22:39,2026-04-01T11:05:50.403040
590104dc-7a88-4479-981e-7ace2befc5f6,3f1b57e1-860f-4ff2-95fe-68b80b27bcd7,dba4f485-38d3-443f-ab59-83e5a0621599,2020-07-29,,ACTIVE,83.03,EUR,2020-07-29T19:34:21,2026-04-01T11:05:50.403061
514a3784-d847-4047-9941-f9ca29edbd60,d1eb469b-7210-4d2c-9002-e5f0dc732411,d87da7af-9507-423f-bdac-359beaaf4a97,2023-03-25,,ACTIVE,54.19,EUR,2023-03-25T02:34:36,2026-04-01T11:05:50.403075
903557c5-303c-453e-89c2-048e8c2614d4,d1eb469b-7210-4d2c-9002-e5f0dc732411,c271c2ec-3dea-4a43-88e0-09c8e6c3a63b,2026-07-15,2020-05-02,CANCELLED,29.78,EUR,2026-07-15T15:59:58,2026-04-01T11:05:50.403092
bbafd9d6-101d-4daf-b093-e0231c9222f2,7db2d76a-a4c4-41f3-8bfe-a16c86ac2655,1688b7e0-dae8-4b51-981c-446a94dc8fc1,2022-08-23,,SUSPENDED,90.91,EUR,2022-08-23T15:04:51,2026-04-01T11:05:50.403114
7d3a8530-128e-403a-8283-9126c57c6942,0fff5509-5652-4bb2-8552-47961bac04cd,d6dc2351-3eb8-4989-8ac2-018fb2eee7e8,2021-06-14,,ACTIVE,52.18,EUR,2021-06-14T08:46:02,2026-04-01T11:05:50.403129
fb1d7b7f-823b-475c-9af3-d21eb0560f83,5e45fcf9-5dbb-49c5-a2f0-1122442cdb62,dba4f485-38d3-443f-ab59-83e5a0621599,2020-03-28,,ACTIVE,23.64,EUR,2020-03-28T01:01:49,2026-04-01T11:05:50.403144
97b7fcd1-832f-4e0a-8604-9df4c55ec689,cb9d0faf-23e8-46f1-b65b-e1578d19e51e,600c8311-f7c2-414e-aeb8-641930b65a58,2024-03-25,,ACTIVE,57.21,EUR,2024-03-25T22:08:27,2026-04-01T11:05:50.403158
7ed6cd0c-a495-404a-90c2-5c4bfbf6eb67,cb9d0faf-23e8-46f1-b65b-e1578d19e51e,c271c2ec-3dea-4a43-88e0-09c8e6c3a63b,2022-09-02,,ACTIVE,44.24,EUR,2022-09-02T07:05:37,2026-04-01T11:05:50.403179
165b2399-2b8f-4d17-bac2-fc24efa2357e,ce5d8263-9be0-4018-9ea1-6c42ff7a352f,57341419-fbd3-4bc4-94a5-9d5b0c225c49,2022-01-09,,ACTIVE,67.24,EUR,2022-01-09T09:02:20,2026-04-01T11:05:50.403201
37dbcab3-1d96-4a20-aaeb-7b78c6af501d,0b3c93be-bfd3-4d14-8510-3c9043c73b13,d6dc2351-3eb8-4989-8ac2-018fb2eee7e8,2024-01-02,,ACTIVE,39.86,EUR,2024-01-02T07:28:45,2026-04-01T11:05:50.403221
cc7dca5f-5334-45cd-8b0e-0128ffc3c671,88cd5a90-9145-4cc7-a377-184a09ca99d3,37cfe665-b2d1-4652-a42b-64d8b25d94e7,2020-08-09,,ACTIVE,64.08,EUR,2020-08-09T11:57:26,2026-04-01T11:05:50.403235
38e0b1bb-8d7f-444f-b790-f8e95c820ce6,a7f29fe8-2dcb-4904-ab42-a2d15ac933bb,5d94714c-6670-4fbd-a102-c6cda9584ae7,2021-05-17,,ACTIVE,8.41,EUR,2021-05-17T11:46:52,2026-04-01T11:05:50.403250
8afe89e0-e0ea-4a1f-b59a-261a8b35db04,9a55b853-79e2-4913-8a83-9b7be8216995,cf4e38c3-9146-44aa-8169-2eb3daef19f8,2020-12-12,,ACTIVE,52.06,EUR,2020-12-12T01:17:54,2026-04-01T11:05:50.403270
0487dd3a-94ad-49d5-aa53-3c5495b43f9b,9a55b853-79e2-4913-8a83-9b7be8216995,c271c2ec-3dea-4a43-88e0-09c8e6c3a63b,2026-01-27,,SUSPENDED,76.68,EUR,2026-01-27T11:59:01,2026-04-01T11:05:50.403290
4ba29903-3f90-41a8-bf77-347db05942b6,f1d3d18b-9529-42f7-b8b5-a12754ea4ead,21383148-5185-41af-9f0c-9fe69628a16a,2024-10-17,,ACTIVE,81.7,EUR,2024-10-17T23:59:47,2026-04-01T11:05:50.403305
d5224693-f118-4d09-a84f-ea02cff2bb0f,f1d3d18b-9529-42f7-b8b5-a12754ea4ead,2821bee6-9ab9-43cf-afaa-e6e644c9b3e1,2021-10-27,2022-09-02,CANCELLED,31.67,EUR,2021-10-27T12:29:47,2026-04-01T11:05:50.403328
f6550f1c-b32e-4097-b378-33d93b1d51ba,43a72bdd-1a95-4b03-8f0e-8f27f276f496,600c8311-f7c2-414e-aeb8-641930b65a58,2020-06-07,,ACTIVE,28.8,EUR,2020-06-07T19:17:23,2026-04-01T11:05:50.403342
0034247b-0bba-4938-a38b-94e91593ad98,155eb42e-c865-496c-b435-cd851a8890cc,81186764-d43c-4dbd-959c-6e1c9c0f3e5c,2022-12-19,,ACTIVE,5.84,EUR,2022-12-19T05:28:29,2026-04-01T11:05:50.403358
432169dc-ec40-4693-b9e2-a7665c2a32fe,dd709fc1-6029-4dfa-8744-13b13cbcea62,7f8fd882-f10f-4fb5-9149-70d8fba0630a,2024-12-09,,ACTIVE,29.66,EUR,2024-12-09T05:16:49,2026-04-01T11:05:50.403381
fb3ab125-d0ae-4750-a1d4-a54553882c05,8f6c7b0b-af89-4fcd-84d2-128156e8320e,dba4f485-38d3-443f-ab59-83e5a0621599,2021-04-13,,ACTIVE,86.75,EUR,2021-04-13T20:02:11,2026-04-01T11:05:50.403395
8d9081a0-283d-4842-82a8-819dd19ca4be,7cede5ef-8b90-45ba-adbb-a31bf032d91e,20cf2595-8da1-4dd9-aef1-942bcec4a1b5,2023-12-18,,ACTIVE,38.22,EUR,2023-12-18T17:45:02,2026-04-01T11:05:50.403409
edb5361e-9f47-43ba-ad63-0d0e70b88a95,26e0d1c9-28b0-45ca-baa7-2ead1e5c58ff,21383148-5185-41af-9f0c-9fe69628a16a,2023-03-05,,ACTIVE,39.23,EUR,2023-03-05T04:01:20,2026-04-01T11:05:50.403430
ee66a039-9513-4414-9210-57f9c57f9b74,f4d49950-c2d7-4c99-8df9-e65f8660625e,5d94714c-6670-4fbd-a102-c6cda9584ae7,2023-07-06,,ACTIVE,79.43,EUR,2023-07-06T16:45:49,2026-04-01T11:05:50.403455
f0ecb83d-3ce8-422e-8f2a-ce3f332a6d62,d2b68d0f-45a7-488e-b328-6f3afe002dd8,a5ad148d-fe87-4b52-95e7-7b18e9eddc55,2024-04-09,2022-07-08,CANCELLED,64.88,EUR,2024-04-09T20:05:04,2026-04-01T11:05:50.403472
a4f2fc6a-d944-420b-8fb7-8a3bd3893bce,ded1e82f-8275-40b1-bf0c-568b0d6e67bf,57341419-fbd3-4bc4-94a5-9d5b0c225c49,2023-07-22,,ACTIVE,91.55,EUR,2023-07-22T08:12:53,2026-04-01T11:05:50.403487
edcdb8d0-2bc0-41d9-8b01-2f55e7717e17,3b332bbe-f921-4739-b0af-b7d994a83660,37cfe665-b2d1-4652-a42b-64d8b25d94e7,2022-09-14,,ACTIVE,12.57,EUR,2022-09-14T14:46:56,2026-04-01T11:05:50.403501
c62bbaa1-c5a9-4ee1-b64e-bbe1ea7205f5,3b332bbe-f921-4739-b0af-b7d994a83660,4faf6a04-903a-4f7d-ab89-a9c5f75263b7,2022-07-30,2026-01-11,CANCELLED,43.72,EUR,2022-07-30T18:52:52,2026-04-01T11:05:50.403517
7f6f3901-0e24-4ac0-b684-752f71963046,edf99557-8175-4e27-9941-bd5a8d6f72e8,7f8fd882-f10f-4fb5-9149-70d8fba0630a,2024-07-31,,ACTIVE,65.1,EUR,2024-07-31T13:32:09,2026-04-01T11:05:50.403532
acc43b76-8caf-4bf5-83b9-de9070d11f10,96104021-0e8d-4dae-bbb8-806a1afe3936,37cfe665-b2d1-4652-a42b-64d8b25d94e7,2021-06-01,,ACTIVE,20.86,EUR,2021-06-01T01:53:27,2026-04-01T11:05:50.403553
1cd962d0-ddd8-40ed-ba88-32e417d69793,30a92b11-8277-4ae9-810b-4d2ce9142b99,6a0266a2-2bf8-4a3f-b5d8-62a782510afb,2021-06-06,,ACTIVE,32.87,EUR,2021-06-06T12:44:35,2026-04-01T11:05:50.403567
b417f85f-897b-4fac-85ea-b9aacbdc98a1,30a92b11-8277-4ae9-810b-4d2ce9142b99,c271c2ec-3dea-4a43-88e0-09c8e6c3a63b,2020-07-04,,ACTIVE,47.65,EUR,2020-07-04T02:47:58,2026-04-01T11:05:50.403581
0686a207-365c-4a22-ad19-3a58b7e15f3b,22a86b0a-01f9-43a8-ae63-eaee7cac3739,d87da7af-9507-423f-bdac-359beaaf4a97,2026-08-11,,SUSPENDED,61.39,EUR,2026-08-11T16:05:09,2026-04-01T11:05:50.403595
330fddf8-e235-44a3-a414-c0a12541a353,a977d0f6-804e-4b41-9c77-bd819c878524,ab8bd7e8-32cb-4c86-a637-84a52e653f17,2021-01-31,,ACTIVE,58.59,EUR,2021-01-31T07:19:31,2026-04-01T11:05:50.403610
eadff600-6d49-4b27-8539-a6f61ffcff52,a977d0f6-804e-4b41-9c77-bd819c878524,886af87f-3c35-473f-93d2-f4ddb67537b1,2024-10-29,,SUSPENDED,34.86,EUR,2024-10-29T16:17:36,2026-04-01T11:05:50.403630
ef470225-6352-4081-bc44-5db42da9ebfe,040631fa-2144-4efb-86e0-f533c96b2c99,d87da7af-9507-423f-bdac-359beaaf4a97,2023-03-27,,ACTIVE,27.01,EUR,2023-03-27T08:38:48,2026-04-01T11:05:50.403644
1922389a-fa38-43f1-8b79-962d8cb276f0,5e8bb5e9-3a08-4f8b-bcb0-479426c59c19,5d94714c-6670-4fbd-a102-c6cda9584ae7,2020-01-28,,ACTIVE,24.3,EUR,2020-01-28T15:53:52,2026-04-01T11:05:50.403665
eff14434-21f4-4cd8-b2ce-69ced5e2c505,5e8bb5e9-3a08-4f8b-bcb0-479426c59c19,c271c2ec-3dea-4a43-88e0-09c8e6c3a63b,2024-12-25,,ACTIVE,18.0,EUR,2024-12-25T13:31:16,2026-04-01T11:05:50.403685
1c73deb5-36f5-4099-a261-6d7d911350b9,70389672-23af-4258-9a0b-6f38b5bcb60c,7f8fd882-f10f-4fb5-9149-70d8fba0630a,2023-09-01,,ACTIVE,64.91,EUR,2023-09-01T05:32:21,2026-04-01T11:05:50.403699
416e06db-8a85-46ce-97ef-3cd9c4bae84c,70389672-23af-4258-9a0b-6f38b5bcb60c,2821bee6-9ab9-43cf-afaa-e6e644c9b3e1,2022-02-18,,SUSPENDED,8.39,EUR,2022-02-18T17:42:53,2026-04-01T11:05:50.403714
73a76303-2811-4887-bd82-a5bba35f6391,67bd8ea5-0d52-472b-8a09-b273504abf96,5d94714c-6670-4fbd-a102-c6cda9584ae7,2022-12-22,,ACTIVE,74.69,EUR,2022-12-22T15:09:31,2026-04-01T11:05:50.403728
957e7bf7-b477-4281-bc9b-feae875e488e,7929f661-906b-462f-bb62-2a446b3cb23d,5d94714c-6670-4fbd-a102-c6cda9584ae7,2020-01-14,,ACTIVE,24.81,EUR,2020-01-14T13:04:31,2026-04-01T11:05:50.403742
00f51404-deae-4daf-8726-3cf6739e0cb2,7929f661-906b-462f-bb62-2a446b3cb23d,2821bee6-9ab9-43cf-afaa-e6e644c9b3e1,2025-06-06,,SUSPENDED,84.87,EUR,2025-06-06T16:42:11,2026-04-01T11:05:50.403761
7ffe2a2d-ec5f-4d7d-8591-c69fa15b7a5a,1090765f-6249-4563-a29a-13662f6a2619,cf4e38c3-9146-44aa-8169-2eb3daef19f8,2024-09-14,,ACTIVE,16.0,EUR,2024-09-14T14:20:15,2026-04-01T11:05:50.403781
0af2e78d-8c34-4e4b-aba9-b14b59309e08,47640576-cd49-4f5b-a07a-5a3647a5a692,a5ad148d-fe87-4b52-95e7-7b18e9eddc55,2025-06-04,,ACTIVE,7.75,EUR,2025-06-04T15:38:26,2026-04-01T11:05:50.403805
02997c59-84a0-42fd-8b4f-6cf28bfb46f6,ff85f983-0c00-4a5c-9a9d-4c0ba0746d42,ab8bd7e8-32cb-4c86-a637-84a52e653f17,2023-07-24,,ACTIVE,42.87,EUR,2023-07-24T13:25:51,2026-04-01T11:05:50.403819
52d8b4b7-243f-4715-97ba-bf4947b906e4,eb181151-7c11-4fba-bbc7-83891d4f7640,d87da7af-9507-423f-bdac-359beaaf4a97,2026-01-04,,ACTIVE,96.98,EUR,2026-01-04T06:49:40,2026-04-01T11:05:50.403840
80c12a66-2513-4c64-ac02-662c4773e233,d4f2ffd9-9b74-4918-bfba-dbfcef7b1ef4,600c8311-f7c2-414e-aeb8-641930b65a58,2021-01-04,,ACTIVE,77.77,EUR,2021-01-04T22:21:58,2026-04-01T11:05:50.403854
0028eb34-770f-411c-9054-7940680420e5,70765a0b-f45f-4f91-999e-9eb08f039d34,d87da7af-9507-423f-bdac-359beaaf4a97,2024-03-11,,ACTIVE,28.63,EUR,2024-03-11T10:26:13,2026-04-01T11:05:50.403877
a7bf4337-5eea-444c-83f0-a5eb5b884528,37688e56-2ab9-4b2c-ab9d-ee2f43387446,20cf2595-8da1-4dd9-aef1-942bcec4a1b5,2022-07-31,,ACTIVE,30.88,EUR,2022-07-31T20:49:44,2026-04-01T11:05:50.403897
67b4e5c4-b2c5-45ac-8ab8-e6e8be6fabc1,d01d0a89-3fb9-42b0-8e95-70986860a7e9,21383148-5185-41af-9f0c-9fe69628a16a,2020-03-23,,ACTIVE,92.3,EUR,2020-03-23T00:47:53,2026-04-01T11:05:50.403920
3d6d42a8-987a-4a97-bebf-4a202fe079e5,d01d0a89-3fb9-42b0-8e95-70986860a7e9,2821bee6-9ab9-43cf-afaa-e6e644c9b3e1,2023-01-27,,ACTIVE,67.32,EUR,2023-01-27T14:12:06,2026-04-01T11:05:50.403940
7e6fde2b-f3e1-4507-979d-d5c8b0579e6e,4872a5f4-1272-43dc-a55a-33d7c7e48eb1,dba4f485-38d3-443f-ab59-83e5a0621599,2024-04-15,,ACTIVE,40.41,EUR,2024-04-15T00:31:46,2026-04-01T11:05:50.403961
289489c8-bf2b-4df7-a9fe-328b46598bae,ab628fdd-2e73-4a93-b38b-fa401c10452d,cf4e38c3-9146-44aa-8169-2eb3daef19f8,2023-09-23,2021-01-25,CANCELLED,87.16,EUR,2023-09-23T04:51:40,2026-04-01T11:05:50.403989
ae5c1cf3-ff75-44fc-8490-54fcfcd4450e,a976ec1a-da94-44db-8929-c8ac3879883b,1688b7e0-dae8-4b51-981c-446a94dc8fc1,2025-07-14,,ACTIVE,84.26,EUR,2025-07-14T08:26:19,2026-04-01T11:05:50.404010
83de7a10-8b92-4ba1-ace6-9284b34b75f6,aac071fb-46d9-4d6b-bb17-74df7bcca0ba,5d94714c-6670-4fbd-a102-c6cda9584ae7,2026-04-22,,ACTIVE,66.94,EUR,2026-04-22T15:34:31,2026-04-01T11:05:50.404024
590d4cb3-8074-4b3d-8a69-f57f909eccc8,764d2113-55ca-4072-b0dd-e83b75dfcd2c,20cf2595-8da1-4dd9-aef1-942bcec4a1b5,2021-10-25,,ACTIVE,46.57,EUR,2021-10-25T16:47:07,2026-04-01T11:05:50.404044
71761108-a65e-45b9-b3ee-2dfe4b5a1488,bb16c4c9-75c0-4156-b65f-1d639ad097ee,cf4e38c3-9146-44aa-8169-2eb3daef19f8,2021-04-26,,SUSPENDED,69.28,EUR,2021-04-26T13:18:46,2026-04-01T11:05:50.404065
c907f8da-3f6c-4a27-be9f-60770a1f00a1,11684e40-2c01-443c-9c74-6af1c18f852f,cf4e38c3-9146-44aa-8169-2eb3daef19f8,2025-11-13,,ACTIVE,72.88,EUR,2025-11-13T21:13:51,2026-04-01T11:05:50.404080
23a63937-1a56-4b7f-8700-17831bfbe7db,148d2032-2224-4aaa-b9a1-4ffb45db3b2c,a5ad148d-fe87-4b52-95e7-7b18e9eddc55,2021-11-03,,ACTIVE,35.18,EUR,2021-11-03T16:45:53,2026-04-01T11:05:50.404095
17a4ddff-095d-44ba-a4a7-1971b4729b03,c759a720-5593-4990-9294-b7f83b59e464,1688b7e0-dae8-4b51-981c-446a94dc8fc1,2025-04-03,,ACTIVE,58.12,EUR,2025-04-03T19:10:04,2026-04-01T11:05:50.404116
9b2bb164-b181-4a8b-b6b6-0cbe3e205529,d94dc747-4ed7-48dc-8554-c65a1f422436,21383148-5185-41af-9f0c-9fe69628a16a,2026-07-21,,ACTIVE,43.31,EUR,2026-07-21T23:19:23,2026-04-01T11:05:50.404130
1607a768-4217-4596-97f9-0e0024bfe709,b5c182c1-5448-4d6f-976e-d579fcb97068,ab8bd7e8-32cb-4c86-a637-84a52e653f17,2026-04-27,,ACTIVE,66.26,EUR,2026-04-27T03:08:51,2026-04-01T11:05:50.404150
13bdef16-b857-433c-b3d9-acdab80e3534,7fdc4db1-a1a2-4ec0-8322-bd21d883de69,d6dc2351-3eb8-4989-8ac2-018fb2eee7e8,2022-05-07,,ACTIVE,25.56,EUR,2022-05-07T05:00:50,2026-04-01T11:05:50.404164
8eed1248-365e-4fa8-a6a4-cf79f540032b,593d5794-ff77-4375-ab64-9cff8f33486e,1688b7e0-dae8-4b51-981c-446a94dc8fc1,2021-07-15,,ACTIVE,49.81,EUR,2021-07-15T16:51:28,2026-04-01T11:05:50.404179
d706757c-5db1-42c9-bac2-4885bdf7e25a,b826abc6-d95e-4a24-949e-6a6aad277410,d6dc2351-3eb8-4989-8ac2-018fb2eee7e8,2023-12-25,,ACTIVE,12.43,EUR,2023-12-25T09:53:33,2026-04-01T11:05:50.404193
9196d179-573e-4d24-8e76-b5fe33fcfb09,1f272803-f130-43d9-96e4-64336959a422,37cfe665-b2d1-4652-a42b-64d8b25d94e7,2026-04-04,,ACTIVE,87.28,EUR,2026-04-04T13:41:22,2026-04-01T11:05:50.404214
300ddc61-2d63-4da9-8e85-12850429c328,e5ec2c7a-5a1a-4846-81a8-6043d0c3d396,20cf2595-8da1-4dd9-aef1-942bcec4a1b5,2022-03-13,,ACTIVE,60.69,EUR,2022-03-13T14:23:33,2026-04-01T11:05:50.404234
17ab6eb1-f02d-4278-8693-004d603fde67,eba42145-7d80-49d2-b72d-4fff09bee876,600c8311-f7c2-414e-aeb8-641930b65a58,2020-06-28,,ACTIVE,10.44,EUR,2020-06-28T22:45:16,2026-04-01T11:05:50.404256
ed57c1d0-dd7c-4301-9774-92844f5e2542,f8a92cce-293f-40ec-a97e-f74bbf65ece8,d6dc2351-3eb8-4989-8ac2-018fb2eee7e8,2021-12-12,,ACTIVE,56.83,EUR,2021-12-12T15:47:55,2026-04-01T11:05:50.404270
bc3ef4e9-3766-4350-9f80-966b011bbc14,f8a92cce-293f-40ec-a97e-f74bbf65ece8,886af87f-3c35-473f-93d2-f4ddb67537b1,2021-12-25,,ACTIVE,16.35,EUR,2021-12-25T04:05:26,2026-04-01T11:05:50.404284
4671cfd6-dbd3-4dc0-a084-02a7b4047db0,02c9e183-22fd-4395-88c3-09853bb9b58b,5d94714c-6670-4fbd-a102-c6cda9584ae7,2026-11-19,,ACTIVE,85.58,EUR,2026-11-19T23:01:21,2026-04-01T11:05:50.404299
4bc57500-bbd7-448b-9a92-7b4ea5cd1314,55fb8a4b-5bfb-45d5-9b11-9fb54703ea5a,600c8311-f7c2-414e-aeb8-641930b65a58,2024-09-01,,ACTIVE,83.38,EUR,2024-09-01T21:42:03,2026-04-01T11:05:50.404313
4585cc19-508e-43dd-a49a-575d77bc018c,55fb8a4b-5bfb-45d5-9b11-9fb54703ea5a,886af87f-3c35-473f-93d2-f4ddb67537b1,2025-09-01,,ACTIVE,84.6,EUR,2025-09-01T13:11:40,2026-04-01T11:05:50.404340
5d9a0ce2-7e94-4a21-84b8-51cdfcefec6f,45706e64-33bd-41c5-ab95-bb0957c79d18,7f8fd882-f10f-4fb5-9149-70d8fba0630a,2026-05-08,,SUSPENDED,22.34,EUR,2026-05-08T14:05:07,2026-04-01T11:05:50.404355
86873077-3120-4a3a-b349-3fbac5e72deb,a25dc453-a791-436f-a9cb-cc2dd88095c4,dba4f485-38d3-443f-ab59-83e5a0621599,2023-06-14,,SUSPENDED,76.0,EUR,2023-06-14T21:41:57,2026-04-01T11:05:50.404376
6ccd2e5e-6cf5-45ed-a18d-35cf250742be,08a35650-c8aa-49e9-bb45-ba1990717eb5,5d94714c-6670-4fbd-a102-c6cda9584ae7,2023-01-22,,ACTIVE,46.76,EUR,2023-01-22T06:11:18,2026-04-01T11:05:50.404396
0233a2d2-c9c8-438b-a8ae-1ee81466e390,1f0603c7-9389-475c-9233-1ffae534e7ea,600c8311-f7c2-414e-aeb8-641930b65a58,2021-09-29,2024-11-12,CANCELLED,69.79,EUR,2021-09-29T17:36:13,2026-04-01T11:05:50.404421
d3650473-0e33-4bc2-8af3-424b80136d8b,65f36822-d5d3-486f-a712-fc76885bb3e6,ab8bd7e8-32cb-4c86-a637-84a52e653f17,2021-01-06,,ACTIVE,49.43,EUR,2021-01-06T16:49:13,2026-04-01T11:05:50.404437
25549b0c-b735-45c9-bc17-5c3c4c23a570,9961153f-71fa-4f7a-9a91-562c86a5f640,81186764-d43c-4dbd-959c-6e1c9c0f3e5c,2024-03-04,,ACTIVE,8.22,EUR,2024-03-04T18:24:42,2026-04-01T11:05:50.404453
f8a92934-f120-40e2-93d4-b9f636a23306,506e13c4-eb07-4c0f-a1f3-031d07a492b2,cf4e38c3-9146-44aa-8169-2eb3daef19f8,2021-10-28,,ACTIVE,46.71,EUR,2021-10-28T14:34:11,2026-04-01T11:05:50.404474
b0f4dfd9-aa39-4419-9ccb-2f735bc7eec6,506e13c4-eb07-4c0f-a1f3-031d07a492b2,2821bee6-9ab9-43cf-afaa-e6e644c9b3e1,2024-03-08,,ACTIVE,33.52,EUR,2024-03-08T19:21:30,2026-04-01T11:05:50.404494
8c74152a-4a41-4911-9339-9e194c66386f,33678fa3-8ac6-4a05-8955-8db72e134169,5d94714c-6670-4fbd-a102-c6cda9584ae7,2026-05-15,,ACTIVE,96.19,EUR,2026-05-15T04:08:42,2026-04-01T11:05:50.404520
212f802b-1997-46c3-abfb-863e6bf4c1e0,77439361-d053-4dc8-9437-d1ed0063ccd3,d87da7af-9507-423f-bdac-359beaaf4a97,2023-05-19,,ACTIVE,24.32,EUR,2023-05-19T09:05:11,2026-04-01T11:05:50.404541
730b2e23-dbdc-43b1-ae9a-30ca129fd56d,10b92de3-aadd-4bfd-8b63-17cd8ef58866,600c8311-f7c2-414e-aeb8-641930b65a58,2022-05-20,,ACTIVE,72.09,EUR,2022-05-20T15:42:24,2026-04-01T11:05:50.404562
529c68f8-54d0-4376-b076-a35ae54a7269,99b0735f-ad10-48e4-bee9-d9beb38f875b,21383148-5185-41af-9f0c-9fe69628a16a,2026-09-11,,ACTIVE,68.64,EUR,2026-09-11T12:34:04,2026-04-01T11:05:50.404582
